Index,Date,Matchday,Home Team,Home,Away Team,Away,Bet Type,Betting Option,Supporting,Odds,Stake,Result, Payout , Winnings , Current Balance , Profit/Loss ,Return%,Market,Sport,DOTW,Notes,,
1,17/08/2024,1,Man Utd,1,Fulham,0,Full Time Result,Man Utd,Man Utd,1.570,$2.00,W, $ 3.15 , $ 1.15 , $ 301.16 , $ 1.15 ,0.39%,EPL 24/25,Football,Saturday,,Full Time Result,
2,18/08/2024,1,Arsenal,2,Wolves,0,Asian Handicap,Arsenal-1.5,Arsenal,1.625,$2.00,W, $ 3.25 , $ 1.25 , $ 302.41 , $ 2.40 ,0.80%,EPL 24/25,Football,Sunday,,Asian Handicap,
3,18/08/2024,1,West Ham,1,Villa,2,Full Time Result,Draw,Draw,3.500,$2.00,L, $ -   , $ (2.00), $ 300.41 , $ 0.40 ,0.14%,EPL 24/25,Football,Sunday,,Full Time Result,
4,19/08/2024,1,Brentford,2,Palace,1,Double Chance,Palace or Draw,Palace,1.570,$2.00,L, $ -   , $ (2.00), $ 298.41 , $ (1.60),-0.53%,EPL 24/25,Football,Monday,,Double Chance,
5,20/08/2024,1,Leicester,1,Tottenham,1,Full Time Result,Tottenham,Tottenham,1.600,$2.00,L, $ -   , $ (2.00), $ 296.41 , $ (3.60),-1.20%,EPL 24/25,Football,Tuesday,,Full Time Result,
6,25/08/2024,2,Brighton,2,Man Utd,1,Draw No Bet,Man Utd,Man Utd,1.830,$1.50,L, $ -   , $ (1.50), $ 294.91 , $ (5.10),-1.70%,EPL 24/25,Football,Sunday,,Draw No Bet,
7,25/08/2024,2,Palace,0,West Ham,2,Draw No Bet,Palace,Palace,1.530,$0.50,L, $ -   , $ (0.50), $ 294.41 , $ (5.60),-1.86%,EPL 24/25,Football,Sunday,,Draw No Bet,
8,25/08/2024,2,Fulham,2,Leicester,1,Draw No Bet,Fulham,Fulham,1.330,$1.50,W, $ 2.00 , $ 0.50 , $ 294.91 , $ (5.10),-1.70%,EPL 24/25,Football,Sunday,,Draw No Bet,
9,25/08/2024,2,Man City,4,Ipswich,1,Handicap,Man City -1,Man City,1.300,$3.00,W, $ 3.90 , $ 0.90 , $ 295.81 , $ (4.20),-1.40%,EPL 24/25,Football,Sunday,,Handicap,
10,25/08/2024,2,Tottenham,4,Everton,0,Full Time Result,Tottenham,Tottenham,1.450,$0.50,W, $ 0.73 , $ 0.23 , $ 296.04 , $ (3.97),-1.32%,EPL 24/25,Football,Sunday,,Full Time Result,
11,26/08/2024,2,Bournemouth,1,Newcastle,1,Handicap,Bournemouth +2,Bournemouth,1.220,$1.50,W, $ 1.84 , $ 0.34 , $ 296.38 , $ (3.63),-1.21%,EPL 24/25,Football,Monday,,Handicap,
12,26/08/2024,2,Liverpool,2,Brentford,0,Handicap,Liverpool -1,Liverpool,1.660,$1.50,W, $ 2.50 , $ 1.00 , $ 297.38 , $ (2.63),-0.87%,EPL 24/25,Football,Monday,,Handicap,
13,31/08/2024,3,Arsenal,1,Brighton,1,Full Time Result,Arsenal,Arsenal,1.330,$2.00,L, $ -   , $ (2.00), $ 295.38 , $ (4.63),-1.54%,EPL 24/25,Football,Saturday,Xanderdu middle debut,Full Time Result, 
14,31/08/2024,3,Arsenal,1,Brighton,1,Handicap,Brighton +3,Brighton,1.330,$2.00,W, $ 2.67 , $ 0.67 , $ 296.05 , $ (3.96),-1.32%,EPL 24/25,Football,Saturday,Xanderdu middle debut,Handicap,
15,01/09/2024,3,Ipswich,1,Fulham,1,Handicap,Ipswich +2,Ipswich,1.200,$0.50,W, $ 0.60 , $ 0.10 , $ 296.15 , $ (3.86),-1.28%,EPL 24/25,Football,Sunday,Xanderdu middle 2 electric boogaloo,Handicap,
16,01/09/2024,3,Ipswich,1,Fulham,1,Handicap,Fulham +1,Fulham,1.360,$0.50,W, $ 0.69 , $ 0.19 , $ 296.34 , $ (3.67),-1.22%,EPL 24/25,Football,Sunday,Xanderdu middle 2 electric boogaloo,Handicap,
17,01/09/2024,3,West Ham,1,Man City,3,Handicap,Man City -1,Man City,1.900,$2.00,W, $ 3.82 , $ 1.82 , $ 298.16 , $ (1.85),-0.61%,EPL 24/25,Football,Sunday,,Handicap,
18,01/09/2024,3,Chelsea,1,Palace,1,Full Time Result,Chelsea,Chelsea,1.610,$3.00,L, $ -   , $ (3.00), $ 295.16 , $ (4.85),-1.61%,EPL 24/25,Football,Sunday,,Full Time Result,
19,01/09/2024,,Multiple,,Multiple,,Relegation,Everton,Multiple,3.000,$4.00,L, $ 3.00 , $ (1.00), $ 294.16 , $ (5.85),-1.95%,EPL 24/25,Football,Sunday,Taken with the intent of cashing out at $4.80 or after 6 weeks,Relegation,
20,08/09/2024,Null,Mexico,3,New Zealand,0,Double Chance,New Zealand or Draw,New Zealand,3.000,$1.00,L, $ -   , $ (1.00), $ 293.16 , $ (6.85),-2.28%,World Cup OFC qualification,Football,Sunday,,Double Chance,
21,15/09/2024,4,Villa,3,Everton,2,Full Time Result,Villa,Villa,1.500,$2.00,W, $ 3.00 , $ 1.00 , $ 294.16 , $ (5.85),-1.95%,EPL 24/25,Football,Sunday,,Full Time Result,
22,15/09/2024,4,Man City,2,Brentford,1,Handicap,Man City -1,Man City,1.500,$2.00,L, $ -   , $ (2.00), $ 292.16 , $ (7.85),-2.61%,EPL 24/25,Football,Sunday,,Handicap,
23,15/09/2024,4,Liverpool,0,Forest,1,Handicap,Liverpool -1,Liverpool,1.610,$2.00,L, $ -   , $ (2.00), $ 290.16 , $ (9.85),-3.28%,EPL 24/25,Football,Sunday,,Handicap,
24,15/09/2024,4,Palace,2,Leicester,2,Full Time Result,Palace,Palace,1.610,$2.00,L, $ -   , $ (2.00), $ 288.16 , $ (11.85),-3.95%,EPL 24/25,Football,Sunday,,Full Time Result,
25,16/09/2024,4,Wolves,1,Newcastle,2,Double Chance,Newcastle or Draw,Newcastle,1.300,$2.00,W, $ 2.60 , $ 0.60 , $ 288.76 , $ (11.25),-3.75%,EPL 24/25,Football,Monday,,Double Chance,
26,22/09/2024,5,Villa,3,Wolves,1,Full Time Result,Villa,Villa,1.570,$2.00,W, $ 3.15 , $ 1.15 , $ 289.91 , $ (10.10),-3.36%,EPL 24/25,Football,Sunday,,Full Time Result,
27,22/09/2024,5,Tottenham,3,Brentford,1,Full Time Result,Tottenham,Tottenham,1.500,$2.00,W, $ 3.00 , $ 1.00 , $ 290.91 , $ (9.10),-3.03%,EPL 24/25,Football,Sunday,,Full Time Result,
28,22/09/2024,5,Leicester,1,Everton,1,Handicap,Leicester +1,Leicester,1.400,$2.00,W, $ 2.80 , $ 0.80 , $ 291.71 , $ (8.30),-2.76%,EPL 24/25,Football,Sunday,,Handicap,
29,22/09/2024,5,Palace,0,Man Utd,0,Handicap,Man Utd +1,Man Utd,1.400,$2.00,W, $ 2.80 , $ 0.80 , $ 292.51 , $ (7.50),-2.50%,EPL 24/25,Football,Sunday,,Handicap,
30,23/09/2024,5,Man City,2,Arsenal,2,BTTS,Yes,Multiple,1.800,$2.00,W, $ 3.60 , $ 1.60 , $ 294.11 , $ (5.90),-1.96%,EPL 24/25,Football,Monday,,BTTS,
31,29/09/2024,6,Everton,2,Palace,1,Handicap,Everton +1,Everton,1.500,$2.00,W, $ 3.00 , $ 1.00 , $ 295.11 , $ (4.90),-1.63%,EPL 24/25,Football,Sunday,,Handicap,
32,29/09/2024,6,Arsenal,4,Leicester,2,Handicap,Arsenal-1,Arsenal,1.530,$2.00,W, $ 3.07 , $ 1.07 , $ 296.18 , $ (3.83),-1.27%,EPL 24/25,Football,Sunday,,Handicap,
33,29/09/2024,6,Wolves,1,Liverpool,2,Full Time Result,Liverpool ,Liverpool,1.380,$2.00,W, $ 2.76 , $ 0.76 , $ 296.94 , $ (3.07),-1.02%,EPL 24/25,Football,Sunday,,Full Time Result,
34,30/09/2024,6,Ipswich,2,Villa,2,Full Time Result,Villa ,Villa,1.830,$2.00,L, $ -   , $ (2.00), $ 294.94 , $ (5.07),-1.69%,EPL 24/25,Football,Monday,,Full Time Result,
35,30/09/2024,6,Man Utd,0,Tottenham,3,Handicap,Man Utd +1,Man Utd,1.400,$2.00,L, $ -   , $ (2.00), $ 292.94 , $ (7.07),-2.35%,EPL 24/25,Football,Monday,,Handicap,
36,06/10/2024,7,Palace,0,Liverpool,1,Full Time Result,Liverpool,Liverpool,1.500,$2.00,W, $ 3.00 , $ 1.00 , $ 293.94 , $ (6.07),-2.02%,EPL 24/25,Football,Sunday,,Full Time Result,
37,06/10/2024,7,Arsenal,3,Southampton,1,Handicap,Arsenal-1,Arsenal,1.400,$2.00,W, $ 2.80 , $ 0.80 , $ 294.74 , $ (5.27),-1.75%,EPL 24/25,Football,Sunday,,Handicap,
38,06/10/2024,7,Man City,3,Fulham,2,Handicap,Man City -1,Man City,1.660,$2.00,L, $ -   , $ (2.00), $ 292.74 , $ (7.27),-2.42%,EPL 24/25,Football,Sunday,,Handicap,
39,07/10/2024,7,Villa,0,Man Utd,0,Handicap,Villa +1,Villa,1.400,$2.00,W, $ 2.80 , $ 0.80 , $ 293.54 , $ (6.47),-2.15%,EPL 24/25,Football,Monday,,Handicap,
40,07/10/2024,7,Chelsea,1,Forest,1,Full Time Result,Chelsea,Chelsea,1.480,$2.00,L, $ -   , $ (2.00), $ 291.54 , $ (8.47),-2.82%,EPL 24/25,Football,Monday,,Full Time Result,
41,07/10/2024,7,Brighton,3,Tottenham,2,BTTS,Yes,Multiple,1.360,$2.00,W, $ 2.73 , $ 0.73 , $ 292.27 , $ (7.74),-2.58%,EPL 24/25,Football,Monday,,BTTS,
42,11/10/2024,Null,New Zealand,3,Tahiti,0,Handicap,New Zealand -2,New Zealand,1.360,$2.00,W, $ 2.73 , $ 0.73 , $ 293.00 , $ (7.01),-2.33%,World Cup OFC qualification,Football,Friday,,Handicap,
43,11/10/2024,Null,New Zealand,3,Tahiti,0,Handicap,New Zealand -4,New Zealand,2.750,$1.00,L, $ -   , $ (1.00), $ 292.00 , $ (8.01),-2.67%,World Cup OFC qualification,Football,Friday,,Handicap,
44,14/10/2024,Null,New Zealand,3,Malaysia,0,Full Time Result,New Zealand,New Zealand,1.420,$2.00,W, $ 2.84 , $ 0.84 , $ 292.84 , $ (7.17),-2.39%,World Cup OFC qualification,Football,Monday,,Full Time Result,
45,20/10/2024,8,Fulham,1,Villa,3,BTTS,Yes,Multiple,1.610,$2.00,W, $ 3.24 , $ 1.24 , $ 294.08 , $ (5.93),-1.97%,EPL 24/25,Football,Sunday,,BTTS,
46,20/10/2024,8,Man Utd,2,Brentford,1,Handicap,Brentford +2,Brentford,1.440,$2.00,W, $ 2.89 , $ 0.89 , $ 294.97 , $ (5.04),-1.68%,EPL 24/25,Football,Sunday,,Handicap,
47,20/10/2024,8,Bournemouth,2,Arsenal,0,Full Time Result,Arsenal,Arsenal,1.660,$2.00,L, $ -   , $ (2.00), $ 292.97 , $ (7.04),-2.34%,EPL 24/25,Football,Sunday,,Full Time Result,
48,20/10/2024,8,Wolves,1,Man City,2,Full Time Result,Man City,Man City,1.330,$4.00,W, $ 5.34 , $ 1.34 , $ 294.31 , $ (5.70),-1.90%,EPL 24/25,Football,Sunday,,Full Time Result,
49,27/10/2024,9,Villa,1,Bournemouth,1,Draw No Bet,Villa ,Villa,1.440,$1.50,P, $ 1.50 , $ -   , $ 294.31 , $ (5.70),-1.90%,EPL 24/25,Football,Sunday,,Draw No Bet,
50,27/10/2024,9,Brentford,4,Ipswich,3,Handicap,Brentford +1,Brentford,1.220,$1.50,W, $ 1.84 , $ 0.34 , $ 294.65 , $ (5.36),-1.78%,EPL 24/25,Football,Sunday,,Handicap,
51,27/10/2024,9,Brighton,2,Wolves,2,Full Time Result,Brighton,Brighton,1.600,$1.50,W, $ 2.40 , $ 0.90 , $ 295.55 , $ (4.46),-1.48%,EPL 24/25,Football,Sunday,,Full Time Result,
52,27/10/2024,9,Man City,1,Southampton,0,Handicap,Southampton +4,Southampton,1.360,$1.50,W, $ 2.05 , $ 0.55 , $ 296.10 , $ (3.91),-1.30%,EPL 24/25,Football,Sunday,,Handicap,
53,27/10/2024,9,Man City,1,Southampton,0,Handicap,Man City -1,Man City,1.360,$1.50,L, $ -   , $ (1.50), $ 294.60 , $ (5.41),-1.80%,EPL 24/25,Football,Sunday,,Handicap,
54,28/10/2024,9,Chelsea,2,Newcastle,1,Full Time Result,Chelsea ,Chelsea,1.800,$1.00,W, $ 1.80 , $ 0.80 , $ 295.40 , $ (4.61),-1.53%,EPL 24/25,Football,Monday,,Full Time Result,
55,28/10/2024,9,Arsenal,2,Liverpool,2,Draw No Bet,Arsenal,Arsenal,1.720,$1.50,P, $ 1.50 , $ -   , $ 295.40 , $ (4.61),-1.53%,EPL 24/25,Football,Monday,,Draw No Bet,
56,02/11/2024,10,Newcastle,1,Arsenal,0,Draw No Bet,Arsenal,Arsenal,1.440,$1.50,L, $ -   , $ (1.50), $ 293.90 , $ (6.11),-2.03%,EPL 24/25,Football,Saturday,,Draw No Bet,
57,02/11/2024,10,Liverpool,2,Brighton,1,Full Time Result,Liverpool ,Liverpool,1.420,$1.50,W, $ 2.13 , $ 0.63 , $ 294.53 , $ (5.48),-1.82%,EPL 24/25,Football,Saturday,,Full Time Result,
58,02/11/2024,10,Bournemouth,2,Man City,1,Full Time Result,Man City ,Man City,1.550,$2.00,L, $ -   , $ (2.00), $ 292.53 , $ (7.48),-2.49%,EPL 24/25,Football,Saturday,,Full Time Result,
59,02/11/2024,10,Southampton,1,Everton,1,Handicap,Everton +1,Everton,1.500,$1.00,L, $ -   , $ (1.00), $ 291.53 , $ (8.48),-2.82%,EPL 24/25,Football,Saturday,,Handicap,
60,02/11/2024,10,Forest,3,West Ham,0,Draw No Bet,Forest ,Forest,1.530,$1.50,W, $ 2.30 , $ 0.80 , $ 292.33 , $ (7.68),-2.56%,EPL 24/25,Football,Saturday,,Draw No Bet,
61,02/11/2024,10,Wolves,2,Palace,2,Handicap,Palace +1,Palace,1.440,$1.00,W, $ 1.45 , $ 0.45 , $ 292.78 , $ (7.23),-2.41%,EPL 24/25,Football,Saturday,,Handicap,
62,03/11/2024,10,Man Utd,1,Chelsea,1,BTTS,Yes,Multiple,1.400,$1.50,W, $ 2.10 , $ 0.60 , $ 293.38 , $ (6.63),-2.21%,EPL 24/25,Football,Sunday,,BTTS,
63,09/11/2024,11,Palace,0,Fulham,2,BTTS,Yes,Multiple,1.700,$2.00,L, $ -   , $ (2.00), $ 291.38 , $ (8.63),-2.87%,EPL 24/25,Football,Saturday,,BTTS,
64,09/11/2024,11,Brighton,2,Man City,1,Handicap,Brighton +2,Brighton,1.400,$2.00,W, $ 2.80 , $ 0.80 , $ 292.18 , $ (7.83),-2.61%,EPL 24/25,Football,Saturday,,Handicap,
65,09/11/2024,11,Liverpool,2,Villa,0,Full Time Result,Liverpool,Liverpool,1.440,$2.00,W, $ 2.89 , $ 0.89 , $ 293.07 , $ (6.94),-2.31%,EPL 24/25,Football,Saturday,,Full Time Result,
66,10/11/2024,11,Man Utd,3,Leicester,0,Full Time Result,Man Utd,Man Utd,1.380,$2.00,W, $ 2.76 , $ 0.76 , $ 293.83 , $ (6.18),-2.06%,EPL 24/25,Football,Sunday,,Full Time Result,
67,10/11/2024,11,Forest,1,Newcastle,3,Handicap,Forest +1,Forest,1.500,$2.00,L, $ -   , $ (2.00), $ 291.83 , $ (8.18),-2.72%,EPL 24/25,Football,Sunday,,Handicap,
68,10/11/2024,11,Tottenham,1,Ipswich,2,Handicap,Tottenham -1,Tottenham,1.660,$2.00,L, $ -   , $ (2.00), $ 289.83 , $ (10.18),-3.39%,EPL 24/25,Football,Sunday,,Handicap,
69,15/11/2024,Null,New Zealand,,Vanuatu,1,BTTS,No,Multiple,1.280,$5.00,L, $ -   , $ (5.00), $ 284.83 , $ (15.18),-5.06%,World Cup OFC qualification,Football,Friday,,BTTS,
70,18/11/2024,Null,New Zealand,8,Samoa,0,Goal Line,Over 8.5 goals ,Multiple,1.850,$5.00,L, $ -   , $ (5.00), $ 279.83 , $ (20.18),-6.72%,World Cup OFC qualification,Football,Monday,,Goal Line,
71,24/11/2024,12,Leicester,1,Chelsea,2,Full Time Result,Chelsea ,Chelsea,1.450,$1.50,W, $ 2.18 , $ 0.68 , $ 280.51 , $ (19.50),-6.50%,EPL 24/25,Football,Sunday,,Full Time Result,
72,24/11/2024,12,Fulham,1,Wolves,4,Full Time Result,Fulham,Fulham,1.550,$1.50,L, $ -   , $ (1.50), $ 279.01 , $ (21.00),-7.00%,EPL 24/25,Football,Sunday,,Full Time Result,
73,24/11/2024,12,Everton,0,Brentford,0,Handicap,Brentford +1,Brentford,1.570,$1.50,W, $ 2.36 , $ 0.86 , $ 279.87 , $ (20.14),-6.71%,EPL 24/25,Football,Sunday,,Handicap,
74,24/11/2024,12,Arsenal,3,Forest,0,Full Time Result,Arsenal,Arsenal,1.400,$1.50,W, $ 2.13 , $ 0.63 , $ 280.50 , $ (19.51),-6.50%,EPL 24/25,Football,Sunday,,Full Time Result,
75,24/11/2024,12,Bournemouth,1,Brighton,2,BTTS,Yes,Multiple,1.440,$1.50,W, $ 2.08 , $ 0.58 , $ 281.08 , $ (18.93),-6.31%,EPL 24/25,Football,Sunday,,BTTS,
76,24/11/2024,12,Villa,2,Palace,2,Full Time Result,Villa ,Villa,1.650,$1.50,L, $ -   , $ (1.50), $ 279.58 , $ (20.43),-6.81%,EPL 24/25,Football,Sunday,,Full Time Result,
77,25/11/2024,12,Southampton,2,Liverpool,3,Full Time Result,Liverpool ,Liverpool,1.280,$1.50,W, $ 1.96 , $ 0.46 , $ 280.04 , $ (19.97),-6.65%,EPL 24/25,Football,Monday,,Full Time Result,
78,30/11/2024,13,Brighton,1,Southampton,1,Full Time Result,Brighton,Brighton,1.380,$2.00,L, $ -   , $ (2.00), $ 278.04 , $ (21.97),-7.32%,EPL 24/25,Football,Saturday,,Full Time Result,
79,01/12/2024,13,Brentford,4,Leicester,1,Full Time Result,Brentford ,Brentford,1.650,$2.00,W, $ 3.30 , $ 1.30 , $ 279.34 , $ (20.67),-6.89%,EPL 24/25,Football,Sunday,,Full Time Result,
80,02/12/2024,13,Chelsea,3,Villa,0,Full Time Result,Chelsea ,Chelsea,1.700,$2.00,W, $ 3.40 , $ 1.40 , $ 280.74 , $ (19.27),-6.42%,EPL 24/25,Football,Monday,,Full Time Result,
81,02/12/2024,13,Man Utd,4,Everton,0,Full Time Result,Man Utd,Man Utd,1.530,$2.00,W, $ 3.07 , $ 1.07 , $ 281.81 , $ (18.20),-6.06%,EPL 24/25,Football,Monday,,Full Time Result,
82,02/12/2024,13,Liverpool,2,Man City,0,Full Time Result,Liverpool,Liverpool,2.100,$2.00,W, $ 4.20 , $ 2.20 , $ 284.01 , $ (16.00),-5.33%,EPL 24/25,Football,Monday,,Full Time Result,
83,04/12/2024,14,Villa,3,Brentford,1,Full Time Result,Villa,Villa,1.830,$2.00,W, $ 3.67 , $ 1.67 , $ 285.68 , $ (14.33),-4.77%,EPL 24/25,Football,Wednesday,,Full Time Result,
84,04/12/2024,14,Arsenal,2,Man Utd,0,Full Time Result,Arsenal,Arsenal,1.400,$2.00,W, $ 3.03 , $ 1.03 , $ 286.71 , $ (13.30),-4.43%,EPL 24/25,Football,Wednesday,,Full Time Result,
85,05/12/2024,14,Newcastle,3,Liverpool,3,Full Time Result,Liverpool,Liverpool,1.800,$2.00,L, $ -   , $ (2.00), $ 284.71 , $ (15.30),-5.10%,EPL 24/25,Football,Thursday,,Full Time Result,
86,05/12/2024,14,Man City,3,Forest,0,BTTS,Yes,Multiple,1.800,$2.00,L, $ -   , $ (2.00), $ 282.71 , $ (17.30),-5.76%,EPL 24/25,Football,Thursday,,BTTS,
87,05/12/2024,14,Everton,4,Wolves,0,Handicap,Everton +1,Everton,1.300,$2.00,W, $ 2.60 , $ 0.60 , $ 283.31 , $ (16.70),-5.56%,EPL 24/25,Football,Thursday,,Handicap,
88,08/12/2024,15,Villa,1,Southampton,0,Handicap,Villa -1,Villa,1.800,$2.00,L, $ -   , $ (2.00), $ 281.31 , $ (18.70),-6.23%,EPL 24/25,Football,Sunday,,Handicap,
90,08/12/2024,15,Palace,2,Man City,2,Full Time Result,Man City,Man City,1.570,$2.00,L, $ -   , $ (2.00), $ 279.31 , $ (20.70),-6.90%,EPL 24/25,Football,Sunday,,Full Time Result,
91,09/12/2024,15,Fulham,1,Arsenal,1,Full Time Result,Arsenal,Arsenal,1.570,$2.00,L, $ -   , $ (2.00), $ 277.31 , $ (22.70),-7.56%,EPL 24/25,Football,Monday,,Full Time Result,
92,09/12/2024,15,Leicester,2,Brighton,2,BTTS,Yes,Multiple,1.610,$2.00,W, $ 3.24 , $ 1.24 , $ 278.55 , $ (21.46),-7.15%,EPL 24/25,Football,Monday,,BTTS,
93,09/12/2024,15,Tottenham,3,Chelsea,4,Full Time Result,Tottenham,Tottenham,3.300,$1.00,W, $ 3.30 , $ 2.30 , $ 280.85 , $ (19.16),-6.38%,EPL 24/25,Football,Monday,,Full Time Result,
94,15/12/2024,16,Multiple,,Multiple,,Accumulator,"Arsenal, Newcastle, Liverpool, Man City, Chelsea",Multiple,4.680,$1.00,L, $ -   , $ (1.00), $ 279.85 , $ (20.16),-6.72%,EPL 24/25,Football,Sunday,,Accumulator,
95,15/12/2024,16,Multiple,,Multiple,,Accumulator,"Arsenal, Newcastle, Liverpool, Man City",Multiple,3.430,$1.00,L, $ -   , $ (1.00), $ 278.85 , $ (21.16),-7.05%,EPL 24/25,Football,Sunday,,Accumulator,
96,15/12/2024,16,Multiple,,Multiple,,Accumulator,"Arsenal, Newcastle, Liverpool, Chelsea",Multiple,2.820,$1.00,L, $ -   , $ (1.00), $ 277.85 , $ (22.16),-7.38%,EPL 24/25,Football,Sunday,,Accumulator,
97,15/12/2024,16,Multiple,,Multiple,,Accumulator,"Arsenal, Newcastle, Man City, Chelsea",Multiple,3.560,$1.00,L, $ -   , $ (1.00), $ 276.85 , $ (23.16),-7.72%,EPL 24/25,Football,Sunday,,Accumulator,
98,15/12/2024,16,Multiple,,Multiple,,Accumulator,"Arsenal, Liverpool, Man City, Chelsea",Multiple,3.560,$1.00,L, $ -   , $ (1.00), $ 275.85 , $ (24.16),-8.05%,EPL 24/25,Football,Sunday,,Accumulator,
99,15/12/2024,16,Multiple,,Multiple,,Accumulator,"Newcastle, Liverpool, Man City, Chelsea",Multiple,3.750,$1.00,L, $ -   , $ (1.00), $ 274.85 , $ (25.16),-8.38%,EPL 24/25,Football,Sunday,,Accumulator,
100,15/12/2024,16,Multiple,,Multiple,,Accumulator,"Arsenal, Newcastle, Liverpool",Multiple,2.070,$1.00,L, $ -   , $ (1.00), $ 273.85 , $ (26.16),-8.72%,EPL 24/25,Football,Sunday,,Accumulator,
101,15/12/2024,16,Multiple,,Multiple,,Accumulator,"Arsenal, Newcastle, Chelsea",Multiple,2.150,$1.00,L, $ -   , $ (1.00), $ 272.85 , $ (27.16),-9.05%,EPL 24/25,Football,Sunday,,Accumulator,
102,15/12/2024,16,Multiple,,Multiple,,Accumulator,"Arsenal, Liverpool, Chelsea",Multiple,2.150,$1.00,L, $ -   , $ (1.00), $ 271.85 , $ (28.16),-9.38%,EPL 24/25,Football,Sunday,,Accumulator,
103,15/12/2024,16,Multiple,,Multiple,,Accumulator,"Newcastle, Liverpool, Chelsea",Multiple,2.260,$1.00,L, $ -   , $ (1.00), $ 270.85 , $ (29.16),-9.72%,EPL 24/25,Football,Sunday,,Accumulator,
104,22/12/2024,17,Villa,2,Man City,1,Draw No Bet,Man City,Man City,1.610,$2.00,L, $ -   , $ (2.00), $ 268.85 , $ (31.16),-10.38%,EPL 24/25,Football,Sunday,,Draw No Bet,
105,22/12/2024,17,Brentford,0,Forest,2,Handicap,Forest +1,Forest,1.530,$2.00,W, $ 3.07 , $ 1.07 , $ 269.92 , $ (30.09),-10.03%,EPL 24/25,Football,Sunday,,Handicap,
106,22/12/2024,17,Ipswich,0,Newcastle,4,Full Time Result,Newcastle,Newcastle,1.650,$2.00,W, $ 3.30 , $ 1.30 , $ 271.22 , $ (28.79),-9.59%,EPL 24/25,Football,Sunday,,Full Time Result,
107,22/12/2024,17,Palace,,Arsenal,,BTTS,Yes,Multiple,1.950,$2.00,W, $ 3.90 , $ 1.90 , $ 273.12 , $ (26.89),-8.96%,EPL 24/25,Football,Sunday,,BTTS,
108,23/12/2024,17,Everton,,Chelsea,,Full Time Result,Chelsea,Chelsea,1.610,$2.00,L, $ -   , $ (2.00), $ 271.12 , $ (28.89),-9.63%,EPL 24/25,Football,Monday,,Full Time Result,
109,23/12/2024,17,Man Utd,,Bournemouth,,Full Time Result,Man Utd,Man Utd,1.800,$2.00,L, $ -   , $ (2.00), $ 269.12 , $ (30.89),-10.29%,EPL 24/25,Football,Monday,,Full Time Result,
110,27/12/2024,18,Forest,,Tottenham,,BTTS,Yes,Multiple,1.400,$2.00,L, $ -   , $ (2.00), $ 267.12 , $ (32.89),-10.96%,EPL 24/25,Football,Friday,,BTTS,
111,27/12/2024,18,Newcastle,,Villa,,BTTS,Yes,Multiple,1.570,$2.00,L, $ -   , $ (2.00), $ 265.12 , $ (34.89),-11.63%,EPL 24/25,Football,Friday,,BTTS,
112,27/12/2024,18,Man City,,Everton,,BTTS,No,Multiple,1.900,$2.00,L, $ -   , $ (2.00), $ 263.12 , $ (36.89),-12.29%,EPL 24/25,Football,Friday,,BTTS,
113,27/12/2024,18,Bournemouth,,Palace,,Full Time Result,Bournemouth ,Bournemouth,2.000,$2.00,L, $ -   , $ (2.00), $ 261.12 , $ (38.89),-12.96%,EPL 24/25,Football,Friday,,Full Time Result,
114,27/12/2024,18,Liverpool,,Leicester,,Handicap,Liverpool -1,Liverpool,1.220,$2.00,W, $ 1.22 , $ (0.78), $ 260.34 , $ (39.67),-13.22%,EPL 24/25,Football,Friday,,Handicap,
115,28/12/2024,18,Arsenal,,Ipswich,,Full Time Result,Arsenal,Arsenal,1.140,$5.00,W, $ 5.72 , $ 0.72 , $ 261.06 , $ (38.95),-12.98%,EPL 24/25,Football,Saturday,,Full Time Result,
116,30/12/2024,19,Everton,,Forest,,Draw No Bet,Forest,Forest,1.830,$2.00,W, $ 3.67 , $ 1.67 , $ 262.73 , $ (37.28),-12.42%,EPL 24/25,Football,Monday,,Draw No Bet,
117,30/12/2024,19,Tottenham,,Wolves,,Full Time Result,Tottenham,Tottenham,1.660,$2.00,L, $ -   , $ (2.00), $ 260.73 , $ (39.28),-13.09%,EPL 24/25,Football,Monday,,Full Time Result,
118,30/12/2024,19,West Ham,,Liverpool,,Full Time Result,Liverpool,Liverpool,1.380,$2.00,W, $ 3.76 , $ 1.76 , $ 262.49 , $ (37.52),-12.50%,EPL 24/25,Football,Monday,,Full Time Result,
119,31/12/2024,19,Man Utd,,Newcastle,,Full Time Result,Newcastle,Newcastle,2.600,$2.00,W, $ 5.20 , $ 3.20 , $ 265.69 , $ (34.32),-11.44%,EPL 24/25,Football,Tuesday,,Full Time Result,
120,31/12/2024,19,Ipswich,,Chelsea,,Full Time Result,Chelsea,Chelsea,1.380,$2.00,L, $ -   , $ (2.00), $ 263.69 , $ (36.32),-12.10%,EPL 24/25,Football,Tuesday,,Full Time Result,
121,04/01/2025,20,Liverpool,,Man Utd,,Handicap,Liverpool -1,Liverpool,1.720,$2.00,L, $ -   , $ (2.00), $ 261.69 , $ (38.32),-12.77%,EPL 24/25,Football,Saturday,,Handicap,
122,05/01/2025,20,Southampton,,Brentford,,Draw No Bet,Brentford,Brentford,1.570,$2.00,W, $ 3.15 , $ 1.15 , $ 262.84 , $ (37.17),-12.39%,EPL 24/25,Football,Sunday,,Draw No Bet,
123,05/01/2025,20,Brighton,,Arsenal,,Full Time Result,Arsenal,Arsenal,1.800,$2.00,L, $ -   , $ (2.00), $ 260.84 , $ (39.17),-13.05%,EPL 24/25,Football,Sunday,,Full Time Result,
124,05/01/2025,20,Villa,,Leicester,,Full Time Result,Villa,Villa,1.330,$2.00,W, $ 2.67 , $ 0.67 , $ 261.51 , $ (38.50),-12.83%,EPL 24/25,Football,Sunday,,Full Time Result,
125,05/01/2025,20,Tottenham,,Newcastle,,Full Time Result,Newcastle,Newcastle,1.830,$2.00,W, $ 3.67 , $ 1.67 , $ 263.18 , $ (36.83),-12.27%,EPL 24/25,Football,Sunday,,Full Time Result,
126,06/01/2025,20,Wolves,,Forest,,Full Time Result,Forest,Forest,2.300,$2.00,W, $ 4.60 , $ 2.60 , $ 265.78 , $ (34.23),-11.41%,EPL 24/25,Football,Monday,,Full Time Result,
127,11/01/2025,Null,Multiple,,Multiple,,Accumulator,"Liverpool, Tottenham, Newcastle, Bournemouth",Multiple,1.958,$1.00,L, $ -   , $ (1.00), $ 264.78 , $ (35.23),-11.74%,FA cup 2025,Football,Saturday,,,
128,11/01/2025,Null,Multiple,,Multiple,,Accumulator,"Liverpool, Tottenham, City, Newcastle, Brentford",Multiple,1.748,$1.00,L, $ -   , $ (1.00), $ 263.78 , $ (36.23),-12.07%,FA cup 2025,Football,Saturday,,,
129,11/01/2025,Null,Multiple,,Multiple,,Accumulator,"Liverpool, Tottenham, Newcastle, City, Forest",Multiple,2.014,$1.00,L, $ -   , $ (1.00), $ 262.78 , $ (37.23),-12.41%,FA cup 2025,Football,Saturday,,,
130,11/01/2025,Null,Multiple,,Multiple,,Accumulator,"Liverpool, Tottenham, City, Newcastle, Leeds, Bournemouth, Brentford, Forest, Chelsea",Multiple,3.799,$1.00,L, $ -   , $ (1.00), $ 261.78 , $ (38.23),-12.74%,FA cup 2025,Football,Saturday,,,
131,11/01/2025,Null,Multiple,,Multiple,,Accumulator,"Liverpool, Forest, City, Newcastle, ",Multiple,2.040,$1.00,L, $ -   , $ (1.00), $ 260.78 , $ (39.23),-13.07%,FA cup 2025,Football,Saturday,,,
132,18/01/2025,21,Chelsea,,Wolves,,Full Time Result,Chelsea,Chelsea,1.360,$2.00,W, $ 2.73 , $ 0.73 , $ 261.51 , $ (38.50),-12.83%,EPL 24/25,Football,Saturday,,,
133,18/01/2025,21,Forest,,Southampton,,Full Time Result,Forest,Forest,1.380,$4.00,W, $ 5.52 , $ 1.52 , $ 263.03 , $ (36.98),-12.32%,EPL 24/25,Football,Saturday,,,
134,18/01/2025,21,Brentford,,Liverpool,,Full Time Result,Liverpool,Liverpool,1.450,$2.00,W, $ 2.90 , $ 0.90 , $ 263.93 , $ (36.08),-12.02%,EPL 24/25,Football,Saturday,,,
135,18/01/2025,21,Newcastle,,Bournemouth,,Full Time Result,Newcastle,Newcastle,1.570,$2.00,L, $ -   , $ (2.00), $ 261.93 , $ (38.08),-12.69%,EPL 24/25,Football,Saturday,,,
136,25/01/2025,22,Villa,,West Ham,,Full Time Result,Villa,Villa,1.530,$2.00,L, $ -   , $ (2.00), $ 259.93 , $ (40.08),-13.36%,EPL 24/25,Football,Saturday,,,
137,25/01/2025,22,Palace,,Brentford,,BTTS,Yes,Multiple,1.610,$2.00,W, $ 3.24 , $ 1.24 , $ 261.17 , $ (38.84),-12.94%,EPL 24/25,Football,Saturday,,,
138,25/01/2025,22,Wolves,,Arsenal,,Full Time Result,Arsenal,Arsenal,1.500,$2.00,W, $ 3.00 , $ 1.00 , $ 262.17 , $ (37.84),-12.61%,EPL 24/25,Football,Saturday,,,
139,25/01/2025,22,Liverpool,,Ipswich,,Handicap,Liverpool -1,Liverpool,1.300,$3.00,W, $ 3.90 , $ 0.90 , $ 263.07 , $ (36.94),-12.31%,EPL 24/25,Football,Saturday,,,
140,25/01/2025,22,Brighton,,Everton,,Full Time Result,Brighton,Brighton,1.660,$2.00,L, $ -   , $ (2.00), $ 261.07 , $ (38.94),-12.98%,EPL 24/25,Football,Saturday,,,
141,25/01/2025,22,Bournemouth,,Forest,,Full Time Result,Forest,Forest,3.300,$1.00,L, $ -   , $ (1.00), $ 260.07 , $ (39.94),-13.31%,EPL 24/25,Football,Saturday,,,
142,25/01/2025,22,Bournemouth,,Forest,,Handicap,Forest +1,Forest,1.720,$1.00,L, $ -   , $ (1.00), $ 259.07 , $ (40.94),-13.64%,EPL 24/25,Football,Saturday,,,
143,01/02/2025,23,Chelsea,,West Ham,,Full Time Result,Chelsea,Chelsea,1.330,$2.00,W, $ 2.67 , $ 0.67 , $ 259.74 , $ (40.27),-13.42%,EPL 24/25,Football,Saturday,,,
144,01/02/2025,24,Wolves,,Villa,,Full Time Result,Villa,Villa,2.000,$2.00,L, $ -   , $ (2.00), $ 257.74 , $ (42.27),-14.09%,EPL 24/25,Football,Saturday,,,
145,02/02/2025,24,Ipswich,,Southampton,,Full Time Result,Ipswich,Ipswich,2.050,$2.00,L, $ -   , $ (2.00), $ 255.74 , $ (44.27),-14.75%,EPL 24/25,Football,Sunday,,,
146,02/02/2025,24,Bournemouth,,Liverpool,,Full Time Result,Liverpool,Liverpool,1.700,$2.00,W, $ 3.40 , $ 1.40 , $ 257.14 , $ (42.87),-14.29%,EPL 24/25,Football,Sunday,,,
147,02/02/2025,24,Forest,,Brighton,,Handicap,Forest +1,Forest,1.400,$2.00,W, $ 2.80 , $ 0.80 , $ 257.94 , $ (42.07),-14.02%,EPL 24/25,Football,Sunday,,,
148,08/02/2025,Null,Multiple,,Multiple,,Accumulator,"City, Newcastle, Liverpool, Forest",Multiple,2.910,$5.00,L, $ -   , $ (5.00), $ 252.94 , $ (47.07),-15.69%,FA cup 2025,Football,Saturday,,,
149,15/02/2025,25,Southampton,,Bournemouth,,Full Time Result,Bournemouth,Bournemouth,1.450,$2.00,W, $ 2.90 , $ 0.90 , $ 253.84 , $ (46.17),-15.39%,EPL 24/25,Football,Saturday,,,
150,15/02/2025,25,Fulham,,Forest,,Handicap,Forest +1,Forest,1.660,$2.00,L, $ -   , $ (2.00), $ 251.84 , $ (48.17),-16.05%,EPL 24/25,Football,Saturday,,,
151,15/02/2025,25,Villa,,Ipswich,,Full Time Result,Villa,Villa,1.480,$2.00,L, $ -   , $ (2.00), $ 249.84 , $ (50.17),-16.72%,EPL 24/25,Football,Saturday,,,
152,15/02/2025,25,Leicester,,Arsenal,,Full Time Result,Arsenal,Arsenal,1.300,$2.00,W, $ 2.60 , $ 0.60 , $ 250.44 , $ (49.57),-16.52%,EPL 24/25,Football,Saturday,,,
153,17/02/2025,25,Liverpool,,Wolves,,Handicap,Liverpool -1,Liverpool,1.570,$2.00,L, $ -   , $ (2.00), $ 248.44 , $ (51.57),-17.19%,EPL 24/25,Football,Monday,,,
154,17/02/2025,25,Liverpool,,Wolves,,Handicap,Liverpool -2,Liverpool,2.370,$1.00,L, $ -   , $ (1.00), $ 247.44 , $ (52.57),-17.52%,EPL 24/25,Football,Monday,,,
155,22/02/2025,26,Leicester,,Brentford,,Full Time Result,Brentford,Brentford,1.950,$2.00,W, $ 3.90 , $ 1.90 , $ 249.34 , $ (50.67),-16.89%,EPL 24/25,Football,Saturday,,,
156,22/02/2025,26,Arsenal,,West Ham,,Full Time Result,Arsenal,Arsenal,1.270,$2.00,L, $ -   , $ (2.00), $ 247.34 , $ (52.67),-17.55%,EPL 24/25,Football,Saturday,,,
157,23/02/2025,26,Bournemouth,,Wolves,,Full Time Result,Bournemouth,Bournemouth,1.600,$2.00,L, $ -   , $ (2.00), $ 245.34 , $ (54.67),-18.22%,EPL 24/25,Football,Sunday,,,
158,23/02/2025,26,Newcastle,,Forest,,Full Time Result,Forest,Forest,4.100,$2.00,L, $ -   , $ (2.00), $ 243.34 , $ (56.67),-18.89%,EPL 24/25,Football,Sunday,,,
159,23/02/2025,26,Southampton,,Brighton,,Full Time Result,Brighton,Brighton,1.530,$2.00,W, $ 3.07 , $ 1.07 , $ 244.41 , $ (55.60),-18.53%,EPL 24/25,Football,Sunday,,,
160,28/02/2025,27,West Ham,,Leicester,,Full Time Result,West Ham,West Ham,1.610,$2.00,W, $ 3.24 , $ 1.24 , $ 245.65 , $ (54.36),-18.12%,EPL 24/25,Football,Friday,,,
161,28/02/2025,27,Man Utd,,Ipswich,,Full Time Result,Man Utd,Man Utd,1.530,$2.00,W, $ 3.07 , $ 1.07 , $ 246.72 , $ (53.29),-17.76%,EPL 24/25,Football,Friday,,,
162,28/02/2025,27,Brentford,,Everton,,Full Time Result,Brentford,Brentford,2.000,$2.00,L, $ -   , $ (2.00), $ 244.72 , $ (55.29),-18.43%,EPL 24/25,Football,Friday,,,
163,28/02/2025,27,Palace,,Villa,,Handicap,Villa (+1),Villa,1.530,$2.00,L, $ -   , $ (2.00), $ 242.72 , $ (57.29),-19.09%,EPL 24/25,Football,Friday,,,
164,02/03/2025,,Multiple,,Multiple,,Accumulator,"Palace, City, Forest",Multiple,2.220,$5.00,L, $ -   , $ (5.00), $ 237.72 , $ (62.29),-20.76%,FA cup 2025,Football,Sunday,,,
165,02/03/2025,,Multiple,,Multiple,,Accumulator,"Palace, Bournemouth, City, Forest",Multiple,3.822,$5.00,L, $ -   , $ (5.00), $ 232.72 , $ (67.29),-22.43%,FA cup 2025,Football,Sunday,,,
166,10/03/2025,28,Man Utd,,Arsenal,,Full Time Result,Arsenal,Arsenal,1.700,$2.00,L, $ -   , $ (2.00), $ 230.72 , $ (69.29),-23.09%,EPL 24/25,Football,Monday,,,
167,10/03/2025,28,Multiple,,Multiple,,Accumulator,"Chelsea +1, Liverpool",Multiple,1.180,$2.00,W, $ 2.37 , $ 0.37 , $ 231.09 , $ (68.92),-22.97%,EPL 24/25,Football,Monday,,,
168,10/03/2025,28,Palace,,Ipswich,,Full Time Result,Palace,Palace,1.550,$5.00,W, $ 7.75 , $ 2.75 , $ 233.84 , $ (66.17),-22.05%,EPL 24/25,Football,Monday,,,
169,10/03/2025,28,Brighton,,Fulham,,Handicap,Brighton +1,Brighton,1.280,$2.00,W, $ 2.58 , $ 0.58 , $ 234.42 , $ (65.59),-21.86%,EPL 24/25,Football,Monday,,,
170,10/03/2025,28,Forest,,Man City,,BTTS,Yes,Multiple,1.530,$2.00,L, $ -   , $ (2.00), $ 232.42 , $ (67.59),-22.53%,EPL 24/25,Football,Monday,,,
171,16/03/2025,29,Ipswich,,Forest,,To Score Anytime,Chris Wook,Forest,2.400,$1.00,L, $ -   , $ (1.00), $ 231.42 , $ (68.59),-22.86%,EPL 24/25,Football,Sunday,,,
172,16/03/2025,29,Ipswich,,Forest,,Full Time Result,Forest,Forest,2.000,$2.00,W, $ 4.00 , $ 2.00 , $ 233.42 , $ (66.59),-22.19%,EPL 24/25,Football,Sunday,,,
173,16/03/2025,29,Man City,,Brighton,,Draw No Bet,Man City,Man City,1.300,$4.00,P, $ 4.00 , $ -   , $ 233.42 , $ (66.59),-22.19%,EPL 24/25,Football,Sunday,,,
174,16/03/2025,29,Southampton,,Wolves,,Draw No Bet,Wolves,Wolves,1.330,$4.00,W, $ 5.34 , $ 1.34 , $ 234.76 , $ (65.25),-21.75%,EPL 24/25,Football,Sunday,,,
175,16/03/2025,29,Bournemouth,,Brentford,,Full Time Result,Bournemouth,Bournemouth,1.700,$2.00,L, $ -   , $ (2.00), $ 232.76 , $ (67.25),-22.41%,EPL 24/25,Football,Sunday,,,
176,17/03/2025,29,Arsenal,,Chelsea,,Draw No Bet,Arsenal,Arsenal,1.330,$4.00,W, $ 5.34 , $ 1.34 , $ 234.10 , $ (65.91),-21.97%,EPL 24/25,Football,Monday,,,
177,17/03/2025,29,Fulham,,Tottenham,,Full Time Result,Tottenham,Tottenham,3.600,$1.00,L, $ -   , $ (1.00), $ 233.10 , $ (66.91),-22.30%,EPL 24/25,Football,Monday,,,
178,17/03/2025,29,Leicester,,Man Utd,,Full Time Result,Man Utd,Man Utd,1.830,$2.00,W, $ 3.67 , $ 1.67 , $ 234.77 , $ (65.24),-21.74%,EPL 24/25,Football,Monday,,,
179,21/03/2025,,New Zealand,,Fiji,,Bet Builder,"1st half NZ, 2nd half NZ",New Zealand,1.440,$3.00,W, $ 4.34 , $ 1.34 , $ 236.11 , $ (63.90),-21.30%,World Cup OFC qualification,Football,Friday,,,
180,21/03/2025,,New Zealand,,Fiji,,Total Goals,Over 3.5,New Zealand,1.570,$3.00,W, $ 4.72 , $ 1.72 , $ 237.83 , $ (62.18),-20.72%,World Cup OFC qualification,Football,Friday,,,
181,21/03/2025,,New Zealand,,Fiji,,1st Half Goal Line,Over 1.5,New Zealand,1.750,$3.00,W, $ 5.25 , $ 2.25 , $ 240.08 , $ (59.93),-19.97%,World Cup OFC qualification,Football,Friday,,,
182,21/03/2025,,New Zealand,,Fiji,,Accumulator,"1st half NZ, 2nd Half NZ, over 1 goal in 1st half, over 3 goals",New Zealand,2.300,$3.00,W, $ 6.90 , $ 3.90 , $ 243.98 , $ (56.03),-18.67%,World Cup OFC qualification,Football,Friday,,,
183,30/03/2025,,Preston,,Villa,,Full Time Result,Villa,Villa,1.480,$5.00,W, $ 7.40 , $ 2.40 , $ 246.38 , $ (53.63),-17.87%,FA cup 2025,Football,Sunday,,,
184,30/03/2025,,Bournemouth,,Man City,,To Qualify,Man City,Man City,1.660,$5.00,W, $ 8.34 , $ 3.34 , $ 249.72 , $ (50.29),-16.76%,FA cup 2025,Football,Sunday,,,
185,02/04/2025,30,Multiple,,Multiple,,Accumulator,"Bournemouth, City, Palace",Multiple,2.600,$3.00,L, $ -   , $ (3.00), $ 246.72 , $ (53.29),-17.76%,EPL 24/25,Football,Wednesday,,,
186,02/04/2025,30,Southampton,,Palace,,Full Time Result,Palace,Palace,1.570,$3.00,L, $ -   , $ (3.00), $ 243.72 , $ (56.29),-18.76%,EPL 24/25,Football,Wednesday,,,
187,02/04/2025,30,Man City,,Leicester,,Full Time Result,Man City,Man City,1.200,$3.00,W, $ 3.60 , $ 0.60 , $ 244.32 , $ (55.69),-18.56%,EPL 24/25,Football,Wednesday,,,
188,02/04/2025,30,Bournemouth,,Ipswich,,Full Time Result,Bournemouth,Bournemouth,1.380,$3.00,L, $ -   , $ (3.00), $ 241.32 , $ (58.69),-19.56%,EPL 24/25,Football,Wednesday,,,
189,06/04/2025,31,Villa,,Forest,,Full Time Result,Forest,Forest,4.000,$3.00,L, $ -   , $ (3.00), $ 238.32 , $ (61.69),-20.56%,EPL 24/25,Football,Sunday,,,
190,06/04/2025,31,Leicester,,Newcastle,,Full Time Result,Newcastle,Newcastle,1.500,$3.00,W, $ 4.50 , $ 1.50 , $ 239.82 , $ (60.19),-20.06%,EPL 24/25,Football,Sunday,,,
191,06/04/2025,31,Man Utd,,Man City,,Draw No Bet,Man City,Man City,1.500,$3.00,P, $ 3.00 , $ -   , $ 239.82 , $ (60.19),-20.06%,EPL 24/25,Football,Sunday,,,
192,06/04/2025,31,Tottenham,,Southampton,,Full Time Result,Tottenham,Tottenham,1.400,$3.00,W, $ 4.20 , $ 1.20 , $ 241.02 , $ (58.99),-19.66%,EPL 24/25,Football,Sunday,,,
193,06/04/2025,31,Fulham,,Liverpool,,Draw No Bet,Liverpool,Liverpool,1.330,$3.00,L, $ -   , $ (3.00), $ 238.02 , $ (61.99),-20.66%,EPL 24/25,Football,Sunday,,,
194,12/04/2025,32,Multiple,,Multiple,,Accumulator,"Brighton, Chelsea, Newcastle, City",Multiple,3.270,$3.00,L, $ -   , $ (3.00), $ 235.02 , $ (64.99),-21.66%,EPL 24/25,Football,Saturday,,,
195,12/04/2025,32,Liverpool,,West Ham,,Full Time Result,Liverpool,Liverpool,1.300,$3.00,W, $ 3.90 , $ 0.90 , $ 235.92 , $ (64.09),-21.36%,EPL 24/25,Football,Saturday,,,
196,12/04/2025,32,Arsenal,,Brentford,,Full Time Result,Arsenal,Arsenal,1.610,$3.00,L, $ -   , $ (3.00), $ 232.92 , $ (67.09),-22.36%,EPL 24/25,Football,Saturday,,,
197,12/04/2025,32,Southampton,,Villa,,Full Time Result,Villa,Villa,1.530,$3.00,W, $ 4.60 , $ 1.60 , $ 234.52 , $ (65.49),-21.83%,EPL 24/25,Football,Saturday,,,
198,12/04/2025,32,Forest,,Everton,,Full Time Result,Forest,Forest,1.950,$3.00,L, $ -   , $ (3.00), $ 231.52 , $ (68.49),-22.83%,EPL 24/25,Football,Saturday,,,
199,13/04/2025,33,Everton,,Man City,,Full Time Result,City ,Man City,1.900,$2.50,W, $ 4.75 , $ 2.25 , $ 233.77 , $ (66.24),-22.08%,EPL 24/25,Football,Sunday,,,
200,20/04/2025,33,Ipswich,,Arsenal,,Full Time Result,Arsenal,Arsenal,1.420,$2.50,W, $ 3.55 , $ 1.05 , $ 234.82 , $ (65.19),-21.73%,EPL 24/25,Football,Sunday,,,
201,20/04/2025,33,Leicester,,Liverpool,,Full Time Result,Liverpool,Liverpool,1.200,$2.50,W, $ 3.00 , $ 0.50 , $ 235.32 , $ (64.69),-21.56%,EPL 24/25,Football,Sunday,,,
202,20/04/2025,33,Palace,,Bournemouth,,BTTS,Yes,Multiple,1.610,$2.50,L, $ -   , $ (2.50), $ 232.82 , $ (67.19),-22.39%,EPL 24/25,Football,Sunday,,,
203,20/04/2025,33,Villa,,Newcastle,,BTTS,Yes,Multiple,1.570,$2.50,W, $ 3.93 , $ 1.43 , $ 234.25 , $ (65.76),-21.92%,EPL 24/25,Football,Sunday,,,
204,20/04/2025,33,Tottenham,,Forest,,BTTS,No,Multiple,2.500,$2.50,L, $ -   , $ (2.50), $ 231.75 , $ (68.26),-22.75%,EPL 24/25,Football,Sunday,,,
205,20/04/2025,34,Wolves,,Leicester,,Full Time Result,Wolves,Wolves,1.500,$3.00,W, $ 4.50 , $ 1.50 , $ 233.25 , $ (66.76),-22.25%,EPL 24/25,Football,Sunday,,,
206,26/04/2025,34,Southampton,,Fulham,,Full Time Result,Fulham,Fulham,1.610,$3.00,W, $ 4.85 , $ 1.85 , $ 235.10 , $ (64.91),-21.63%,EPL 24/25,Football,Saturday,,,
207,26/04/2025,34,Chelsea,,Everton,,Full Time Result,Chelsea,Chelsea,1.450,$3.00,W, $ 4.35 , $ 1.35 , $ 236.45 , $ (63.56),-21.18%,EPL 24/25,Football,Saturday,,,
208,26/04/2025,34,Brighton,,West Ham,,Draw No Bet,West Ham,West Ham,3.500,$1.50,L, $ -   , $ (1.50), $ 234.95 , $ (65.06),-21.68%,EPL 24/25,Football,Saturday,,,
209,26/04/2025,34,Palace,,Villa,,Draw No Bet,Palace,Palace,2.250,$1.50,W, $ 3.38 , $ 1.88 , $ 236.83 , $ (63.18),-21.06%,FA cup 2025,Football,Saturday,,,
210,26/04/2025,,Arsenal,,PSG,,Full Time Result,Arsenal,Arsenal,2.100,$5.00,L, $ -   , $ (5.00), $ 231.83 , $ (68.18),-22.72%,Champions League 2025,Football,Saturday,,,
211,03/05/2025,35,Chelsea,,Liverpool,,BTTS,Yes,Multiple,1.500,$3.00,W, $ 4.50 , $ 1.50 , $ 233.33 , $ (66.68),-22.22%,EPL 24/25,Football,Saturday,,,
212,03/05/2025,35,Arsenal,,Bournemouth,,Full Time Result,Arsenal,Arsenal,1.900,$3.00,L, $ -   , $ (3.00), $ 230.33 , $ (69.68),-23.22%,EPL 24/25,Football,Saturday,,,
213,03/05/2025,35,Leicester,,Southampton,,Full Time Result,Leicester,Leicester,2.500,$3.00,W, $ 7.50 , $ 4.50 , $ 234.83 , $ (65.18),-21.72%,EPL 24/25,Football,Saturday,,,
214,03/05/2025,35,Everton,,Ipswich,,Full Time Result,Everton,Everton,1.500,$3.00,W, $ 4.50 , $ 1.50 , $ 236.33 , $ (63.68),-21.22%,EPL 24/25,Football,Saturday,,,
215,03/05/2025,35,Villa,,Fulham,,Full Time Result,Villa,Villa,1.850,$3.00,W, $ 5.55 , $ 2.55 , $ 238.88 , $ (61.13),-20.37%,EPL 24/25,Football,Saturday,,,
216,10/05/2025,36,Liverpool,,Arsenal,,BTTS,Yes,Multiple,1.610,$5.00,W, $ 8.08 , $ 3.08 , $ 241.96 , $ (58.05),-19.35%,EPL 24/25,Football,Saturday,,,
217,10/05/2025,36,Forest,,Leicester,,BTTS,No,Multiple,1.750,$5.00,L, $ -   , $ (5.00), $ 236.96 , $ (63.05),-21.01%,EPL 24/25,Football,Saturday,,,
218,10/05/2025,36,Newcastle,,Chelsea,,Draw No Bet,Newcastle,Newcastle,1.570,$5.00,W, $ 7.86 , $ 2.86 , $ 239.82 , $ (60.19),-20.06%,EPL 24/25,Football,Saturday,,,
219,10/05/2025,36,Wolves,,Brighton,,Draw No Bet,Brighton,Brighton,1.800,$5.00,W, $ 9.00 , $ 4.00 , $ 243.82 , $ (56.19),-18.73%,EPL 24/25,Football,Saturday,,,
220,10/05/2025,36,Southampton,,Man City,,Full Time Result,Man City,Man City,1.200,$20.00,L, $ -   , $ (20.00), $ 223.82 , $ (76.19),-25.39%,EPL 24/25,Football,Saturday,,,
221,10/05/2025,36,Ipswich,,Brentford,,Full Time Result,Brentford,Brentford,1.530,$5.00,W, $ 7.67 , $ 2.67 , $ 226.49 , $ (73.52),-24.50%,EPL 24/25,Football,Saturday,,,
222,17/05/2025,,Palace,,Man City,,Winner,Palace,Palace,3.200,$1.00,W, $ 3.20 , $ 2.20 , $ 228.69 , $ (71.32),-23.77%,FA cup 2025,Football,Saturday,,,
223,17/05/2025,,Palace,,Man City,,Method of Victory,Palace in ET,Palace,17.000,$1.00,L, $ -   , $ (1.00), $ 227.69 , $ (72.32),-24.10%,FA cup 2025,Football,Saturday,,,
224,17/05/2025,37,Arsenal,,Newcastle,,Draw No Bet,Arsenal,Arsenal,1.440,$4.00,W, $ 5.78 , $ 1.78 , $ 229.47 , $ (70.54),-23.51%,EPL 24/25,Football,Saturday,,,
225,17/05/2025,37,Brentford,,Fulham,,Draw No Bet,Brentford,Brentford,1.500,$4.00,L, $ -   , $ (4.00), $ 225.47 , $ (74.54),-24.84%,EPL 24/25,Football,Saturday,,,
226,17/05/2025,37,West Ham,,Forest,,Draw No Bet,Forest,Forest,1.800,$4.00,W, $ 7.20 , $ 3.20 , $ 228.67 , $ (71.34),-23.78%,EPL 24/25,Football,Saturday,,,
227,17/05/2025,37,Everton,,Southampton,,Full Time Result,Everton,Everton,1.400,$4.00,W, $ 5.60 , $ 1.60 , $ 230.27 , $ (69.74),-23.24%,EPL 24/25,Football,Saturday,,,
228,17/05/2025,37,Man City,,Bournemouth,,Full Time Result,City,Man City,1.530,$4.00,W, $ 6.14 , $ 2.14 , $ 232.41 , $ (67.60),-22.53%,EPL 24/25,Football,Saturday,,,
229,23/05/2025,,Multiple,,Multiple,,Accumulator,"Auckland FC to qualify, Melbourne City to qualify",Multiple,1.180,$5.00,L, $ -   , $ (5.00), $ 227.41 , $ (72.60),-24.20%,A-League 2025,Football,Friday,,,
230,23/05/2025,,Multiple,,Multiple,,Accumulator,"Auckland FC DNB, Melbourne City DNB",Multiple,2.070,$5.00,L, $ -   , $ (5.00), $ 222.41 , $ (77.60),-25.86%,A-League 2025,Football,Friday,,,
231,25/05/2025,38,Fulham,,Man City,,Full Time Result,Man City,Man City,1.570,$3.00,W, $ 4.72 , $ 1.72 , $ 224.13 , $ (75.88),-25.29%,EPL 24/25,Football,Sunday,,,
232,25/05/2025,38,Man Utd,,Villa,,Full Time Result,Villa,Villa,1.720,$3.00,L, $ -   , $ (3.00), $ 221.13 , $ (78.88),-26.29%,EPL 24/25,Football,Sunday,,,
233,25/05/2025,38,Newcastle,,Everton,,Full Time Result,Newcastle,Newcastle,1.280,$3.00,L, $ -   , $ (3.00), $ 218.13 , $ (81.88),-27.29%,EPL 24/25,Football,Sunday,,,
234,25/05/2025,38,Liverpool,,Palace,,Draw No Bet,Liverpool,Liverpool,1.180,$3.00,P, $ 3.00 , $ -   , $ 218.13 , $ (81.88),-27.29%,EPL 24/25,Football,Sunday,,,
235,25/05/2025,38,Forest,,Chelsea,,Draw No Bet,Forest,Forest,2.370,$3.00,L, $ -   , $ (3.00), $ 215.13 , $ (84.88),-28.29%,EPL 24/25,Football,Sunday,,,
236,25/05/2025,38,Tottenham,,Brighton,,Draw No Bet,Tottenham,Tottenham,3.750,$3.00,L, $ -   , $ (3.00), $ 212.13 , $ (87.88),-29.29%,EPL 24/25,Football,Sunday,,,
237,25/05/2025,38,Multiple,,Multiple,,Accumulator,"Man CIty, Villa, Newcastle",Multiple,3.610,$1.00,L, $ -   , $ (1.00), $ 211.13 , $ (88.88),-29.62%,EPL 24/25,Football,Sunday,,,
238,25/05/2025,38,Multiple,,Multiple,,Accumulator,"DNB Liverpool, Forest, Tottenham",Multiple,10.520,$1.00,L, $ -   , $ (1.00), $ 210.13 , $ (89.88),-29.96%,EPL 24/25,Football,Sunday,,,
239,25/05/2025,38,Multiple,,Multiple,,Accumulator,"Man CIty, Villa, Newcastle to win, DNB Liverpool, Forest, Tottenham",Multiple,36.730,$1.00,L, $ -   , $ (1.00), $ 209.13 , $ (90.88),-30.29%,EPL 24/25,Football,Sunday,,,
240,31/05/2025,,Gyori Eto Women,,Team Esbjerg Women,,Draw No Bet,Gyori Eto,Gyori Eto,1.380,$2.00,W, $ 2.76 , $ 0.76 , $ 209.89 , $ (90.12),-30.04%,EHF Champions League Women 24/25,Handball,Saturday,,,
241,31/05/2025,,Metz Women,,Odense Handbold Women,,Draw No Bet,Metz Women,Metz,1.700,$2.00,P, $ 2.00 , $ -   , $ 209.89 , $ (90.12),-30.04%,EHF Champions League Women 24/25,Handball,Saturday,,,
242,01/06/2025,,Gyori Eto Women,,Odense Handbold Women,,Draw No Bet,Gyori Eto ,Gyori Eto,1.350,$2.00,W, $ 2.70 , $ 0.70 , $ 210.59 , $ (89.42),-29.80%,EHF Champions League Women 24/25,Handball,Sunday,,,
243,01/06/2025,,Team Esbjerg Women,,Metz Women,,Draw No Bet,Team Esbjerg Women,Team Esbjerg Women,1.600,$2.00,W, $ 3.20 , $ 1.20 , $ 211.79 , $ (88.22),-29.40%,EHF Champions League Women 24/25,Handball,Sunday,,,
244,07/06/2025,,Turkey,,Poland,,Full Time Result,Turkey,Turkey,2.250,$3.00,W, $ 6.75 , $ 3.75 , $ 215.54 , $ (84.47),-28.15%,VNL Women's 25,Volleyball,Saturday,,,
245,15/06/2025,,Inter Miami,,Al Ahly Cairo,,Draw No Bet,Miami,Miami,1.530,$2.00,P, $ 2.00 , $ -   , $ 215.54 , $ (84.47),-28.15%,Club World Cup,Football,Sunday,,,
246,16/06/2025,,PSG,,Athletico Madrid,,Draw No Bet,PSG,PSG,1.440,$2.00,W, $ 2.89 , $ 0.89 , $ 216.43 , $ (83.58),-27.86%,Club World Cup,Football,Monday,,,
247,16/06/2025,,Palmeiras,,FC Porto,,Draw No Bet,Palmeiras,Palmeiras,1.720,$2.00,P, $ 2.00 , $ -   , $ 216.43 , $ (83.58),-27.86%,Club World Cup,Football,Monday,,,
248,16/06/2025,,Botafogo,,Seattle,,Draw No Bet,Botafogo,Botafogo,1.500,$2.00,W, $ 3.00 , $ 1.00 , $ 217.43 , $ (82.58),-27.52%,Club World Cup,Football,Monday,,,
249,16/06/2025,,Multiple,,Multiple,,Accumulator,"PSG dnb, Palmeiras dnb, Botafogo dnb",Multiple,3.740,$1.00,W, $ 2.17 , $ 1.17 , $ 218.60 , $ (81.41),-27.13%,Club World Cup,Football,Monday,,,
250,17/06/2025,,Chelsea,,Los Angeles FC,,Full Time Result,Chelsea ,Chelsea ,1.180,$2.00,W, $ 2.37 , $ 0.37 , $ 218.97 , $ (81.04),-27.01%,Club World Cup,Football,Tuesday,,,
251,17/06/2025,,Benfica,,Boca Juniors ,,Draw No Bet,Benefica,Benefica ,1.280,$2.00,P, $ 2.00 , $ -   , $ 218.97 , $ (81.04),-27.01%,Club World Cup,Football,Tuesday,,,
252,17/06/2025,,Flamengo ,,Esperance de Tunis,,Full Time Result,Flamengo ,Flamengo ,1.330,$2.00,W, $ 2.67 , $ 0.67 , $ 219.64 , $ (80.37),-26.79%,Club World Cup,Football,Tuesday,,,
253,17/06/2025,,Multiple ,,Multiple ,,Accumulator,"Chelsea, Benefica DNB, Flamengo ",Multiple ,2.020,$1.00,W, $ 1.58 , $ 0.58 , $ 220.22 , $ (79.79),-26.59%,Club World Cup,Football,Tuesday,,,
254,18/06/2025,,Borussia Dortmund ,,Fluminense ,,Draw No Bet,Borussia Dortmund ,Borussia Dortmund,1.220,$2.00,P, $ 2.00 , $ -   , $ 220.22 , $ (79.79),-26.59%,Club World Cup,Football,Wednesday,,,
255,18/06/2025,,River Plate,,Urawa Red Diamonds ,,Draw No Bet,River Plate,River Plate,1.250,$2.00,W, $ 2.50 , $ 0.50 , $ 220.72 , $ (79.29),-26.43%,Club World Cup,Football,Wednesday,,,
256,18/06/2025,,Mamelodi Sundowns ,,Hyundai ,,Draw No Bet,Mamelodi Sundowns ,Mamelodi Sundowns ,1.660,$2.00,W, $ 3.34 , $ 1.34 , $ 222.06 , $ (77.95),-25.98%,Club World Cup,Football,Wednesday,,,
257,18/06/2025,,Monterrey ,,Inter Milan,,Full Time Result,Inter Milan,Inter Milan,1.380,$2.00,L, $ -   , $ (2.00), $ 220.06 , $ (79.95),-26.65%,Club World Cup,Football,Wednesday,,,
258,18/06/2025,,Multiple ,,Multiple ,,Accumulator,"Dortmund DNB, River Plate DNB, Mamelodi DNB, Inter to win",Multiple ,3.510,$1.00,L, $ -   , $ (1.00), $ 219.06 , $ (80.95),-26.98%,Club World Cup,Football,Wednesday,,,
259,19/06/2025,,Real Madrid,,Al Hilal Riyadh,,Full Time Result,Real Madrid ,Real Madrid ,1.300,$2.00,L, $ -   , $ (2.00), $ 217.06 , $ (82.95),-27.65%,Club World Cup,Football,Thursday,,,
260,19/06/2025,,Salzburg,,Pachuca,,Draw No Bet,Salzburg,Salzburg,1.800,$2.00,W, $ 3.60 , $ 1.60 , $ 218.66 , $ (81.35),-27.11%,Club World Cup,Football,Thursday,,,
261,19/06/2025,,Juventus ,,Al Ain,,Full Time Result,Juventus ,Juventus ,1.200,$2.00,W, $ 2.40 , $ 0.40 , $ 219.06 , $ (80.95),-26.98%,Club World Cup,Football,Thursday,,,
262,19/06/2025,,Multiple ,,Multiple ,,Accumulator,"Real Madrid, Salzburg, Juventus ",Multiple ,2.800,$1.00,L, $ -   , $ (1.00), $ 218.06 , $ (81.95),-27.31%,Club World Cup,Football,Thursday,,,
263,20/06/2025,,Palmeiras,,Al Ahly Cairo,,Draw No Bet,Palmeiras,Palmeiras,1.200,$2.00,W, $ 2.40 , $ 0.40 , $ 218.46 , $ (81.55),-27.18%,Club World Cup,Football,Friday,,,
264,20/06/2025,,FC Porto,,Inter Milan ,,Draw No Bet,FC Porto,FC Porto,1.300,$2.00,L, $ -   , $ (2.00), $ 216.46 , $ (83.55),-27.85%,Club World Cup,Football,Friday,,,
265,20/06/2025,,Athletico Madrid,,Seattle,,Full Time Result,Athletico Madrid,Athletico Madrid,1.300,$2.00,W, $ 2.60 , $ 0.60 , $ 217.06 , $ (82.95),-27.65%,Club World Cup,Football,Friday,,,
266,20/06/2025,,PSG,,Botafoga ,,Full Time Result,PSG,PSG,1.220,$2.00,L , $ -   , $ (2.00), $ 215.06 , $ (84.95),-28.31%,Club World Cup,Football,Friday,,,
267,20/06/2025,,Multiple ,,Multiple ,,Accumulator,"Palmeiras, Porto, Atletico Madrid, PSG",Multiple ,2.470,$1.00,L, $ -   , $ (1.00), $ 214.06 , $ (85.95),-28.65%,Club World Cup,Football,Friday,,,
268,21/06/2025,,Chelsea,,Flamengo,,Draw No Bet,Chelsea,Chelsea,1.500,$2.00,L, $ -   , $ (2.00), $ 212.06 , $ (87.95),-29.31%,Club World Cup,Football,Saturday,,,
269,21/06/2025,,Los Angeles FC,,Esperance de Tunis,,Draw No Bet,Los Angeles FC,Los Angeles FC,1.400,$2.00,L, $ -   , $ (2.00), $ 210.06 , $ (89.95),-29.98%,Club World Cup,Football,Saturday,,,
270,21/06/2025,,Bayern Munich,,Boca Juniors ,,Full Time Result,Bayern Munich,Bayern Munich,1.280,$2.00,W, $ 2.58 , $ 0.58 , $ 210.64 , $ (89.37),-29.79%,Club World Cup,Football,Saturday,,,
271,21/06/2025,,Multiple ,,Multiple ,,Accumulator,"Chelsea, Los Angeles FC, Bayern Munich",Multiple,2.700,$1.00,L, $ -   , $ (1.00), $ 209.64 , $ (90.37),-30.12%,Club World Cup,Football,Saturday,,,
272,22/06/2025,,Borussia Dortmund ,,Mamelodi Sundowns ,,Full Time Result,Borussia Dortmund ,Borussia Dortmund ,1.480,$2.00,W, $ 2.96 , $ 0.96 , $ 210.60 , $ (89.41),-29.80%,Club World Cup,Football,Sunday,,,
273,22/06/2025,,Inter Milan,,Urawa Red Diamonds ,,Full Time Result,Inter Milan,Inter Milan,1.330,$2.00,W, $ 2.67 , $ 0.67 , $ 211.27 , $ (88.74),-29.58%,Club World Cup,Football,Sunday,,,
274,22/06/2025,,Fluminense ,,Hyundai ,,Draw No Bet,Fluminense ,Fluminense ,1.200,$2.00,W, $ 2.40 , $ 0.40 , $ 211.67 , $ (88.34),-29.44%,Club World Cup,Football,Sunday,,,
275,22/06/2025,,River Plate,,Monterrey,,Draw No Bet,River Plate,River Plate,1.360,$2.00,P, $ 2.00 , $ -   , $ 211.67 , $ (88.34),-29.44%,Club World Cup,Football,Sunday,,,
276,22/06/2025,,Multiple,,Multiple,,Accumulator,"Borussia Dortmund, Inter MIlan, Fluminense, River Plate",Multiple,3.160,$1.00,W, $ 2.32 , $ 1.32 , $ 212.99 , $ (87.02),-29.00%,Club World Cup,Football,Sunday,,,
277,23/06/2025,,Juventus,,Casablanca,,Full Time Result,Juventus,Juventus,1.330,$2.00,W, $ 2.67 , $ 0.67 , $ 213.66 , $ (86.35),-28.78%,Club World Cup,Football,Monday,,,
278,23/06/2025,,Real Madrid,,Pachuca ,,Full Time Result,Real Madrid ,Real Madrid ,1.330,$2.00,W, $ 2.67 , $ 0.67 , $ 214.33 , $ (85.68),-28.56%,Club World Cup,Football,Monday,,,
279,23/06/2025,,RAl Hilal Riyadh,,Salzburg ,,Draw No Bet,Al Hilal Riyadh,Al Hilal Riyadh,1.400,$2.00,P, $ 2.00 , $ -   , $ 214.33 , $ (85.68),-28.56%,Club World Cup,Football,Monday,,,
280,23/06/2025,,Man City ,,Al Ain,,Full Time Result,Man City,Man City,1.110,$2.00,W, $ 2.23 , $ 0.23 , $ 214.56 , $ (85.45),-28.48%,Club World Cup,Football,Monday,,,
281,23/06/2025,,Multiple,,Multiple,,Accumulator,"Juventus, Real  Madrid, Riyadh, Man City",Multiple,2.690,$1.00,W, $ 1.98 , $ 0.98 , $ 215.54 , $ (84.47),-28.15%,Club World Cup,Football,Monday,,,
282,24/06/2025,,PSG ,,Seattle ,,Draw No Bet,PSG,PSG,1.040,$2.00,W, $ 2.08 , $ 0.08 , $ 215.62 , $ (84.39),-28.13%,Club World Cup,Football,Tuesday,,,
283,24/06/2025,,Athletico Madrid,,Botafoga ,,Draw No Bet,Athletico Madrid,Athletico Madrid,1.250,$2.00,W, $ 2.50 , $ 0.50 , $ 216.12 , $ (83.89),-27.96%,Club World Cup,Football,Tuesday,,,
284,24/06/2025,,FC Porto ,,Al Ahly Cairo,,Draw No Bet,FC Porto ,FC Porto ,1.280,$2.00,P, $ 2.00 , $ -   , $ 216.12 , $ (83.89),-27.96%,Club World Cup,Football,Tuesday,,,
285,24/06/2025,,Palmeiras ,,Inter Miami ,,Draw No Bet,Palmeiras ,Palmeiras ,1.360,$2.00,P, $ 2.00 , $ -   , $ 216.12 , $ (83.89),-27.96%,Club World Cup,Football,Tuesday,,,
286,24/06/2025,,Multiple,,Multiple,,Accumulator,"PSG, Athletico Madrid, ",Multiple,2.270,$1.00,W, $ 1.30 , $ 0.30 , $ 216.42 , $ (83.59),-27.86%,Club World Cup,Football,Tuesday,,,
287,25/06/2025,,Bayern Munich,,Benfica ,,Draw No Bet,Bayern Munich,Bayern Munich,1.360,$2.00,L, $ -   , $ (2.00), $ 214.42 , $ (85.59),-28.53%,Club World Cup,Football,Wednesday,,,
288,25/06/2025,,Chelsea,,Esperance de Tunis,,Draw No Bet,Chelsea,Chelsea,1.071,$2.00,W, $ 2.15 , $ 0.15 , $ 214.57 , $ (85.44),-28.48%,Club World Cup,Football,Wednesday,,,
289,25/06/2025,,Flamengo ,,Los Angeles FC,,Draw No Bet,Flamengo ,Flamengo ,1.280,$2.00,P, $ 2.00 , $ -   , $ 214.57 , $ (85.44),-28.48%,Club World Cup,Football,Wednesday,,,
290,25/06/2025,,Multiple,,Multiple,,Accumulator,Multiple,Multiple,1.870,$1.00,L, $ -   , $ (1.00), $ 213.57 , $ (86.44),-28.81%,Club World Cup,Football,Wednesday,,,
291,26/06/2025,,Borussia Dortmund ,,Hyundai ,,Draw No Bet,Borussia Dortmund ,Borussia Dortmund ,1.062,$2.00,W, $ 2.13 , $ 0.13 , $ 213.70 , $ (86.31),-28.77%,Club World Cup,Football,Thursday,,,
292,26/06/2025,,Fluminense ,,Mamelodi Sundowns ,,Draw No Bet,Fluminense ,Fluminense ,1.440,$2.00,P, $ 2.00 , $ -   , $ 213.70 , $ (86.31),-28.77%,Club World Cup,Football,Thursday,,,
293,26/06/2025,,Inter Milan,,River Plate,,Draw No Bet,Inter Milan,Inter Milan,1.500,$2.00,W, $ 3.00 , $ 1.00 , $ 214.70 , $ (85.31),-28.43%,Club World Cup,Football,Thursday,,,
294,26/06/2025,,Monterrey,,Urawa Red Diamonds ,,Draw No Bet,Monterrey,Monterrey,1.280,$2.00,W, $ 2.58 , $ 0.58 , $ 215.28 , $ (84.73),-28.24%,Club World Cup,Football,Thursday,,,
295,26/06/2025,,Multiple,,Multiple,,Accumulator,Multiple,Multiple,2.950,$1.00,W, $ 2.05 , $ 1.05 , $ 216.33 , $ (83.68),-27.89%,Club World Cup,Football,Thursday,,,
296,27/06/2025,,Man City ,,Juventus,,Draw No Bet,Man City ,Man City ,1.300,$2.00,W, $ 2.60 , $ 0.60 , $ 216.93 , $ (83.08),-27.69%,Club World Cup,Football,Friday,,,
297,27/06/2025,,Casablanca,,Al Ain,,Draw No Bet,Casablanca,Casablanca,1.720,$2.00,L, $ -   , $ (2.00), $ 214.93 , $ (85.08),-28.36%,Club World Cup,Football,Friday,,,
298,27/06/2025,,Al Hilal Riyadh,,Pachuca,,Draw No Bet,Al Hilal Riyadh,Al Hilal Riyadh,1.250,$2.00,W, $ 2.50 , $ 0.50 , $ 215.43 , $ (84.58),-28.19%,Club World Cup,Football,Friday,,,
299,27/06/2025,,Real Madrid,,Salzburg,,Draw No Bet,Real Madrid,Real Madrid,1.100,$2.00,W, $ 2.20 , $ 0.20 , $ 215.63 , $ (84.38),-28.12%,Club World Cup,Football,Friday,,,
300,27/06/2025,,Multiple,,Multiple,,Accumulator,Multiple,Multiple,3.080,$1.00,L, $ -   , $ (1.00), $ 214.63 , $ (85.38),-28.46%,Club World Cup,Football,Friday,,,
301,28/06/2025,,Palmeiras,,Botafoga,,To Qualify,Palmeiras,Palmeiras,1.610,$3.00,W, $ 4.85 , $ 1.85 , $ 216.48 , $ (83.53),-27.84%,Club World Cup,Football,Saturday,,,
302,28/06/2025,,Chelsea,,Benfica,,To Qualify,Chelsea,Chelsea,1.570,$3.00,W, $ 4.72 , $ 1.72 , $ 218.20 , $ (81.81),-27.27%,Club World Cup,Football,Saturday,,,
303,28/06/2025,,Multiple,,Multiple,,Accumulator,"Palmeiras, Chelsea",Multiple,2.535,$2.00,W, $ 5.08 , $ 3.08 , $ 221.28 , $ (78.73),-26.24%,Club World Cup,Football,Saturday,,,
304,29/06/2025,,PSG,,Inter Miami,,To Qualify,PSG,PSG,1.100,$3.00,W, $ 3.30 , $ 0.30 , $ 221.58 , $ (78.43),-26.14%,Club World Cup,Football,Sunday,,,
305,29/06/2025,,Bayern Munich,,Flamengo,,To Qualify,Bayern Munich,Bayern Munich,1.330,$3.00,W, $ 4.00 , $ 1.00 , $ 222.58 , $ (77.43),-25.81%,Club World Cup,Football,Sunday,,,
306,29/06/2025,,Multiple,,Multiple,,Accumulator,"PSG, Bayern Munich",Multiple,1.465,$2.00,W, $ 2.94 , $ 0.94 , $ 223.52 , $ (76.49),-25.49%,Club World Cup,Football,Sunday,,,
307,30/06/2025,,Inter Milan,,Fluminense ,,To Qualify,Inter Milan,Inter Milan,1.330,$3.00,L, $ -   , $ (3.00), $ 220.52 , $ (79.49),-26.49%,Club World Cup,Football,Monday,,,
308,30/06/2025,,Man City,,Al Hilal Riyadh,,To Qualify,Man City,Man City,1.160,$3.00,L, $ -   , $ (3.00), $ 217.52 , $ (82.49),-27.49%,Club World Cup,Football,Monday,,,
309,30/06/2025,,Multiple,,Multiple,,Accumulator,"Inter Milan, Man City",Multiple,1.555,$2.00,L, $ -   , $ (2.00), $ 215.52 , $ (84.49),-28.16%,Club World Cup,Football,Monday,,,
310,01/07/2025,,Real Madrid,,Juventus,,To Qualify,Real Madrid,Real Madrid,1.300,$3.00,W, $ 3.90 , $ 0.90 , $ 216.42 , $ (83.59),-27.86%,Club World Cup,Football,Tuesday,,,
311,01/07/2025,,Dortmund,,Monterrey,,To Qualify,Dortmund,Dortmund,1.360,$3.00,W, $ 4.09 , $ 1.09 , $ 217.51 , $ (82.50),-27.50%,Club World Cup,Football,Tuesday,,,
312,01/07/2025,,Multiple,,Multiple,,Accumulator,"Real Madrid, Dortmund",Multiple,1.770,$2.00,W, $ 3.56 , $ 1.56 , $ 219.07 , $ (80.94),-26.98%,Club World Cup,Football,Tuesday,,,
313,05/07/2025,,Al Hilal Riyadh,,Fluminense,,To Qualify,Al Hilal Riyadh,Al Hilal Riyadh,1.800,$0.00,L, $ -   , $ -   , $ 219.07 , $ (80.94),-26.98%,Club World Cup,Football,Saturday,,,
314,05/07/2025,,Chelsea,,Palmeiras,,To Qualify,Chelsea,Chelsea,1.670,$0.00,W, $ 23.85 , $ 23.85 , $ 242.92 , $ (57.09),-19.03%,Club World Cup,Football,Saturday,,,
315,06/07/2025,,PSG,,Bayern Munich,,To Qualify,PSG,PSG,1.530,$0.00,W, $ 30.15 , $ 30.15 , $ 273.07 , $ (26.94),-8.98%,Club World Cup,Football,Sunday,,,
316,06/07/2025,,Real Madrid,,Borussia Dortmund ,,To Qualify,Real Madrid,Real Madrid,1.350,$0.00,W, $ 15.75 , $ 15.75 , $ 288.82 , $ (11.19),-3.73%,Club World Cup,Football,Sunday,,,
317,06/07/2025,,Multiple,,Multiple,,Accumulator,Multiple,Multiple,6.200,$0.00,L, $ -   , $ -   , $ 288.82 , $ (11.19),-3.73%,Club World Cup,Football,Sunday,,,
318,09/07/2025,,Chelsea,,Fluminense,,To Qualify,Chelsea,Chelsea,1.300,$6.00,W, $ 7.80 , $ 1.80 , $ 290.62 , $ (9.39),-3.13%,Club World Cup,Football,Wednesday,,,
319,10/07/2025,,PSG,,Real Madrid,,To Qualify,PSG,PSG,1.750,$6.00,W, $ 10.50 , $ 4.50 , $ 295.12 , $ (4.89),-1.63%,Club World Cup,Football,Thursday,,,
320,10/07/2025,,Multiple,,Multiple,,Accumulator,Multiple,Multiple,2.410,$3.00,W, $ 6.83 , $ 3.83 , $ 298.95 , $ (1.06),-0.35%,Club World Cup,Football,Thursday,,,
321,13/07/2025,,PSG,,Chelsea,,Winner,PSG,PSG,1.360,$16.00,L, $ -   , $ (16.00), $ 282.95 , $ (17.06),-5.68%,Club World Cup,Football,Sunday,,,
322,13/07/2025,,Multiple,,Multiple,,Accumulator,"PSG full time winner, BTTS No",,2.780,$4.00,L, $ -   , $ (4.00), $ 278.95 , $ (21.06),-7.02%,Club World Cup,Football,Sunday,,,
323,17/08/2025,1,Brighton,,Fulham,,Draw No Bet,Brighton,Brighton,1.400,$5.00,P, $ 3.75 , $ (1.25), $ 352.70 , $ (22.31),-5.95%,EPL 25/26,Football,Sunday,John,,
324,17/08/2025,1,Tottenham,,Burnley,,Full Time Result,Tottenham,Tottenham,1.350,$5.00,W, $ 6.75 , $ 1.75 , $ 354.45 , $ (20.56),-5.48%,EPL 25/26,Football,Sunday,Richard,,
325,17/08/2025,1,Leeds,,Everton,,Draw No Bet,Everton,Everton,1.950,$5.00,L, $ -   , $ (5.00), $ 349.45 , $ (25.56),-6.81%,EPL 25/26,Football,Sunday,Xander,,
326,23/08/2025,2,Bournemouth,,Wolves,,Draw No Bet,Bournemouth,Bournemouth,1.330,$5.00,W, $ 6.65 , $ 1.65 , $ 351.10 , $ (23.91),-6.37%,EPL 25/26,Football,Saturday,John,,
327,23/08/2025,2,Arsenal,,Leeds,,Handicap,Arsenal-1,Arsenal,1.730,$5.00,W, $ 8.65 , $ 3.65 , $ 354.75 , $ (20.26),-5.40%,EPL 25/26,Football,Saturday,Richard,,
328,24/08/2025,2,Palace,,Forest,,Draw No Bet,Palace,Palace,1.530,$5.00,P, $ 5.00 , $ -   , $ 354.75 , $ (20.26),-5.40%,EPL 25/26,Football,Sunday,Xander,,
329,30/08/2025,3,Sunderland,,Brentford,,Draw No Bet,Brentford,Brentford,1.830,$5.00,L, $ -   , $ (5.00), $ 349.75 , $ (25.26),-6.73%,EPL 25/26,Football,Saturday,Richard,,
330,30/08/2025,3,Tottenham,,Bournemouth,,Full Time Result,Tottenham,Tottenham,1.670,$5.00,L, $ -   , $ (5.00), $ 344.75 , $ (30.26),-8.07%,EPL 25/26,Football,Saturday,Xander,,
331,30/08/2025,3,Chelsea,,Fulham,,Full Time Result,Chelsea,Chelsea,1.520,$5.00,W, $ 7.60 , $ 1.35 , $ 347.35 , $ (27.66),-7.37%,EPL 25/26,Football,Saturday,John,,
332,05/09/2025,,Australia,,New Zealand,,Draw No Bet,Australia,Australia,1.200,$5.00,W, $ 6.00 , $ 1.00 , $ 348.35 , $ (26.66),-7.11%,International Football,Football,Friday,,,
333,09/09/2025,,New Zealand,,Australia,,Draw No Bet,New Zealand,New Zealand,2.100,$5.00,L, $ -   , $ (5.00), $ 343.35 , $ (31.66),-8.44%,International Football,Football,Tuesday,,,
334,13/09/2025,4,Arsenal,,Forest,,Full Time Result,Arsenal,Arsenal,1.400,$5.00,W, $ 7.00 , $ 2.00 , $ 345.35 , $ (29.66),-7.91%,EPL 25/26,Football,Saturday,John,,
335,13/09/2025,4,Arsenal,,Forest,,Full Time Result,Arsenal,Arsenal,1.400,$5.00,W, $ 7.00 , $ 2.00 , $ 347.35 , $ (27.66),-7.37%,EPL 25/26,Football,Saturday,Richard,,
336,14/09/2025,4,Palace,,Sunderland,,Full Time Result,Palace,Palace,1.620,$5.00,L, $ -   , $ (5.00), $ 342.35 , $ (32.66),-8.71%,EPL 25/26,Football,Sunday,Xander,,
337,21/09/2025,5,Liverpool,,Everton,,Full Time Result,Liverpool ,Liverpool,1.480,$5.00,W, $ 7.40 , $ 2.40 , $ 344.75 , $ (30.26),-8.07%,EPL 25/26,Football,Sunday,Xander,,
338,22/09/2025,5,Arsenal,,Man City,,BTTS,Yes,Arsenal,1.670,$5.00,W, $ 8.35 , $ 3.35 , $ 348.10 , $ (26.91),-7.17%,EPL 25/26,Football,Monday,John,,
339,22/09/2025,5,Arsenal,,Man City,,BTTS,Yes,Arsenal,1.670,$5.00,W, $ 8.35 , $ 3.35 , $ 351.45 , $ (23.56),-6.28%,EPL 25/26,Football,Monday,Richard,,
340,28/09/2025,6,Chelsea,,Brighton,,Full Time Result,Chelsea,Chelsea,1.800,$5.00,L, $ -   , $ (5.00), $ 346.45 , $ (28.56),-7.61%,EPL 25/26,Football,Sunday,Richard,,
341,28/09/2025,6,Tottenham,,Wolves,,BTTS,No,Tottenham,1.910,$5.00,L, $ -   , $ (5.00), $ 341.45 , $ (33.56),-8.95%,EPL 25/26,Football,Sunday,John,,
342,29/09/2025,6,Newcastle,,Arsenal,,Draw No Bet,Arsenal,Arsenal,1.550,$5.00,W, $ 7.75 , $ 2.75 , $ 344.20 , $ (30.81),-8.21%,EPL 25/26,Football,Monday,Xander,,
343,05/10/2025,7,Arsenal,,West Ham,,Handicap,Arsenal-1,Arsenal,1.670,$5.00,W, $ 8.35 , $ 3.35 , $ 347.55 , $ (27.46),-7.32%,EPL 25/26,Football,Sunday,John,,
344,06/10/2025,7,Villa,,Burnley,,Full Time Result,Villa,Villa,1.530,$5.00,W, $ 7.65 , $ 2.65 , $ 350.20 , $ (24.81),-6.61%,EPL 25/26,Football,Monday,Richard,,
345,06/10/2025,7,Everton,,Palace,,Draw No Bet,Palace,Palace,2.000,$5.00,L, $ -   , $ (5.00), $ 345.20 , $ (29.81),-7.95%,EPL 25/26,Football,Monday,Xander,,
346,10/10/2025,,Poland,,New Zealand,,To Score,New Zealand,New Zealand,2.500,$5.00,L, $ -   , $ (5.00), $ 340.20 , $ (34.81),-9.28%,International Football,Football,Friday,,,
347,19/10/2025,8,Forest,,Chelsea,,Draw No Bet,Chelsea,Chelsea,1.400,$5.00,W, $ 7.00 , $ 2.00 , $ 342.20 , $ (32.81),-8.75%,EPL 25/26,Football,Sunday,John,,
348,19/10/2025,8,Man City,,Everton,,Full Time Result,City,Man City,1.400,$5.00,W, $ 7.00 , $ 2.00 , $ 344.20 , $ (30.81),-8.21%,EPL 25/26,Football,Sunday,Richard,,
349,20/10/2025,8,Liverpool,,Man Utd,,Full Time Result,Liverpool,Liverpool,1.600,$5.00,L, $ -   , $ (5.00), $ 339.20 , $ (35.81),-9.55%,EPL 25/26,Football,Monday,Xander,,
350,26/10/2025,9,Brentford,,Liverpool,,BTTS,Yes,Liverpool,1.550,$5.00,W, $ 9.00 , $ 4.00 , $ 343.20 , $ (31.81),-8.48%,EPL 25/26,Football,Sunday,Xander,,
351,27/10/2025,9,Arsenal,,Palace,,Full Time Result,Arsenal,Arsenal,1.440,$5.00,W, $ 7.20 , $ 2.20 , $ 345.40 , $ (29.61),-7.89%,EPL 25/26,Football,Monday,John,,
352,27/10/2025,9,Arsenal,,Palace,,Full Time Result,Arsenal,Arsenal,1.440,$5.00,W, $ 7.20 , $ 2.20 , $ 347.60 , $ (27.41),-7.31%,EPL 25/26,Football,Monday,Richard,,
353,02/11/2025,10,Fulham,,Wolves,,Full Time Result,Fulham,Fulham,1.800,$5.00,W, $ 9.00 , $ 4.00 , $ 351.60 , $ (23.41),-6.24%,EPL 25/26,Football,Sunday,Richard,,
354,02/11/2025,10,Forest,,Man Utd,,Draw No Bet,Man Utd,Man Utd,1.530,$5.00,P, $ 5.00 , $ -   , $ 351.60 , $ (23.41),-6.24%,EPL 25/26,Football,Sunday,John,,
355,03/11/2025,10,Man City,,Bournemouth,,Full Time Result,Man City,Man City,1.500,$5.00,W, $ 7.50 , $ 2.50 , $ 354.10 , $ (20.91),-5.57%,EPL 25/26,Football,Monday,Xander,,
356,09/11/2025,11,Sunderland,,Arsenal,,Full Time Result,Arsenal,Arsenal,1.400,$5.00,L, $ -   , $ (5.00), $ 349.10 , $ (25.91),-6.91%,EPL 25/26,Football,Sunday,John,,
357,09/11/2025,11,Chelsea,,Wolves,,Full Time Result,Chelsea,Chelsea,1.360,$5.00,W, $ 6.80 , $ 1.80 , $ 350.90 , $ (24.11),-6.43%,EPL 25/26,Football,Sunday,Richard,,
358,10/11/2025,11,Palace,,Brighton,,Draw No Bet,Palace,Palace,1.620,$5.00,P, $ 5.00 , $ -   , $ 350.90 , $ (24.11),-6.43%,EPL 25/26,Football,Monday,Xander,,
359,23/11/2025,12,Wolves,,Palace,,Draw No Bet,Palace,Palace,1.440,$5.00,W, $ 7.20 , $ 2.20 , $ 353.10 , $ (21.91),-5.84%,EPL 25/26,Football,Sunday,John,,
360,23/11/2025,12,Liverpool,,Forest ,,Full Time Result,Liverpool,Liverpool,1.400,$5.00,L, $ -   , $ (5.00), $ 348.10 , $ (26.91),-7.17%,EPL 25/26,Football,Sunday,Richard,,
361,24/11/2025,12,Leeds,,Villa,,Draw No Bet,Villa,Villa,1.620,$5.00,W, $ 8.10 , $ 3.10 , $ 351.20 , $ (23.81),-6.35%,EPL 25/26,Football,Monday,Xander,,
362,24/11/2025,12,Multiple,,Multiple,,Round 12 multi,Multiple ,multiple,3.260,$1.00,L, $ -   , $ (1.00), $ 350.20 , $ (24.81),-6.61%,EPL 25/26,Football,Monday,,,
363,01/12/2025,13,Chelsea,,Arsenal,,BTTS,Yes,Arsenal,2.400,$5.00,W, $ 12.00 , $ 7.00 , $ 357.20 , $ (17.81),-4.75%,EPL 25/26,Football,Monday,John,,
364,01/12/2025,13,Tottenham,,Fulham,,Draw No Bet,Tottenham,Tottenham,1.550,$5.00,L, $ -   , $ (5.00), $ 352.20 , $ (22.81),-6.08%,EPL 25/26,Football,Monday,Xander,,
365,01/12/2025,13,Villa,,Wolves,,Full Time Result,Villa,Villa,1.520,$5.00,W, $ 7.60 , $ 2.60 , $ 354.80 , $ (20.21),-5.39%,EPL 25/26,Football,Monday,Richard,,
366,01/12/2025,13,Multiple,,Multiple,,Round 13 multi,Multiple,multiple,4.100,$1.00,L, $ -   , $ (1.00), $ 353.80 , $ (21.21),-5.65%,EPL 25/26,Football,Monday,,,
367,07/12/2025,15,Everton,,Forest,,Draw No Bet,Forest,Forest,2.400,$5.00,L, $ -   , $ (5.00), $ 348.80 , $ (26.21),-6.99%,EPL 25/26,Football,Sunday,Richard,,
368,08/12/2025,15,Fulham,,Palace,,BTTS,Yes,Palace,1.800,$5.00,W, $ 9.00 , $ 4.00 , $ 352.80 , $ (22.21),-5.92%,EPL 25/26,Football,Monday,Xander,,
369,09/12/2025,15,Wolves,,Man Utd,,Full Time Result,Man Utd,Man Utd,1.780,$5.00,W, $ 8.90 , $ 3.90 , $ 356.70 , $ (18.31),-4.88%,EPL 25/26,Football,Tuesday,John,,
370,09/12/2025,15,Multiple,,Multiple,,Round 15 multi,Multiple,multiple,7.960,$1.00,L, $ -   , $ (1.00), $ 355.70 , $ (19.31),-5.15%,EPL 25/26,Football,Tuesday,,,
371,14/12/2025,16,Chelsea,,Everton,,Draw No Bet,Chelsea,Chelsea,1.250,$5.00,W, $ 6.25 , $ 1.25 , $ 356.95 , $ (18.06),-4.81%,EPL 25/26,Football,Sunday,Richard,,
372,14/12/2025,16,Burnley,,Fulham,,Full Time Result,Fulham,Fulham,1.940,$5.00,W, $ 9.70 , $ 4.70 , $ 361.65 , $ (13.36),-3.56%,EPL 25/26,Football,Sunday,Xander,,
373,14/12/2025,16,Arsenal,,Wolves,,Handicap,Arsenal-1,Arsenal,1.400,$5.00,L, $ -   , $ (5.00), $ 356.65 , $ (18.36),-4.89%,EPL 25/26,Football,Sunday,John,,
374,14/12/2025,16,Multiple,,Multiple,,Round 16 multi,Multiple,multiple,3.460,$1.00,L, $ -   , $ (1.00), $ 355.65 , $ (19.36),-5.16%,EPL 25/26,Football,Sunday,,,
375,21/12/2025,17,Bournemouth,,Burnley,,Full Time Result,Bournemouth,Bournemouth,1.480,$5.00,L, $ -   , $ (5.00), $ 350.65 , $ (24.36),-6.49%,EPL 25/26,Football,Sunday,John,,
376,21/12/2025,17,Bournemouth,,Burnley,,Full Time Result,Bournemouth,Bournemouth,1.480,$5.00,L, $ -   , $ (5.00), $ 345.65 , $ (29.36),-7.83%,EPL 25/26,Football,Sunday,Richard,,
377,21/12/2025,17,Leeds,,Palace,,Full Time Result,Palace,Palace,1.850,$5.00,L, $ -   , $ (5.00), $ 340.65 , $ (34.36),-9.16%,EPL 25/26,Football,Sunday,Xander,,
378,27/12/2025,18,Man Utd,,Newcastle,,BTTS,Yes,multiple,2.000,$5.00,L, $ -   , $ (5.00), $ 335.65 , $ (39.36),-10.49%,EPL 25/26,Football,Saturday,Xander,,
379,28/12/2025,18,Arsenal,,Brighton,,Full Time Result,Arsenal,Arsenal,1.400,$5.00,W, $ 7.00 , $ 2.00 , $ 337.65 , $ (37.36),-9.96%,EPL 25/26,Football,Sunday,John,,
380,28/12/2025,18,Arsenal,,Brighton,,Full Time Result,Arsenal,Arsenal,1.400,$5.00,W, $ 7.00 , $ 2.00 , $ 339.65 , $ (35.36),-9.43%,EPL 25/26,Football,Sunday,Richard,,
381,31/12/2025,19,Chelsea,,Bournemouth,,Full Time Result,Chelsea,Chelsea,1.580,$5.00,L, $ -   , $ (5.00), $ 334.65 , $ (40.36),-10.76%,EPL 25/26,Football,Wednesday,John,,
382,31/12/2025,19,West Ham,,Brighton,,Draw No Bet,Brighton,Brighton,1.570,$5.00,P, $ 5.00 , $ -   , $ 334.65 , $ (40.36),-10.76%,EPL 25/26,Football,Wednesday,Xander,,
383,31/12/2025,19,Arsenal,,Villa,,BTTS,Yes,Arsenal,2.150,$5.00,W, $ 10.75 , $ 5.75 , $ 340.40 , $ (34.61),-9.23%,EPL 25/26,Football,Wednesday,Richard,,
384,31/12/2025,19,Multiple,,Multiple,,Round 19 Multi,Multiple,multiple,3.390,$1.00,L, $ -   , $ (1.00), $ 339.40 , $ (35.61),-9.49%,EPL 25/26,Football,Wednesday,,,
385,04/01/2026,20,Villa,,Forest,,Full Time Result,Villa,Villa,1.780,$5.00,W, $ 8.90 , $ 3.90 , $ 343.30 , $ (31.71),-8.45%,EPL 25/26,Football,Sunday,Richard,,
386,04/01/2026,20,Bournemouth,,Arsenal,,BTTS,Yes,Arsenal,1.800,$5.00,W, $ 9.00 , $ 4.00 , $ 347.30 , $ (27.71),-7.39%,EPL 25/26,Football,Sunday,John,,
387,05/01/2026,20,Newcastle,,Palace,,Handicap,Palace +2,Palace,1.440,$5.00,L, $ -   , $ (5.00), $ 342.30 , $ (32.71),-8.72%,EPL 25/26,Football,Monday,Xander,,
388,05/01/2026,20,Multiple,,Multiple,,Round 20 Multi,Multiple,multiple,4.720,$1.00,L, $ -   , $ (1.00), $ 341.30 , $ (33.71),-8.99%,EPL 25/26,Football,Monday,,,
389,08/01/2026,21,Everton,,Wolves,,Draw No Bet,Everton,Everton,1.290,$5.00,P, $ 5.00 , $ -   , $ 341.30 , $ (33.71),-8.99%,EPL 25/26,Football,Thursday,Richard,,
390,08/01/2026,21,Fulham,,Chelsea,,BTTS,Yes,Chelsea,1.670,$5.00,W, $ 8.35 , $ 3.35 , $ 344.65 , $ (30.36),-8.09%,EPL 25/26,Football,Thursday,John,,
391,08/01/2026,21,Burnley,,Man Utd,,Draw No Bet,Burnley,Burnley,3.250,$5.00,P, $ 5.00 , $ -   , $ 344.65 , $ (30.36),-8.09%,EPL 25/26,Football,Thursday,Xander,,
392,08/01/2026,21,Multiple,,Multiple,,Round 21 Multi,Multiple,multiple,7.240,$1.00,W, $ 1.70 , $ 0.70 , $ 345.35 , $ (29.66),-7.91%,EPL 25/26,Football,Thursday,,,
393,11/01/2026,,Everton,,Sunderland,,To Qualify,Sunderland,Sunderland,2.250,$3.00,W, $ 6.75 , $ 3.75 , $ 349.10 , $ (25.91),-6.91%,FA cup 2026,Football,Sunday,,,
394,11/01/2026,,Macclesfield,,Palace,,To Qualify,Palace,Palace,1.110,$1.00,L, $ -   , $ (1.00), $ 348.10 , $ (26.91),-7.17%,FA cup 2026,Football,Sunday,,,
395,11/01/2026,,Wolves,,Shrewsbury Town,,To Qualify,Wolves,Wolves,1.080,$1.00,W, $ 1.08 , $ 0.08 , $ 348.18 , $ (26.83),-7.15%,FA cup 2026,Football,Sunday,,,
396,11/01/2026,,Sheffield Wednesday,,Brentford,,To Qualify,Brentford,Brentford,1.090,$1.00,W, $ 1.09 , $ 0.09 , $ 348.27 , $ (26.74),-7.13%,FA cup 2026,Football,Sunday,,,
397,11/01/2026,,Man City,,Exeter City,,To Qualify,Man City,Man City,1.030,$1.00,W, $ 1.03 , $ 0.03 , $ 348.30 , $ (26.71),-7.12%,FA cup 2026,Football,Sunday,,,
398,11/01/2026,,Charlton Athletic,,Chelsea,,To Qualify,Chelsea,Chelsea,1.170,$1.00,W, $ 1.17 , $ 0.17 , $ 348.47 , $ (26.54),-7.07%,FA cup 2026,Football,Sunday,,,
399,11/01/2026,,Multiple,,Multiple,,FA Cup Multi,Multiple,Multiple,1.590,$1.00,L, $ -   , $ (1.00), $ 347.47 , $ (27.54),-7.34%,FA cup 2026,Football,Sunday,,,
400,12/01/2026,,Portsmouth,,Arsenal,,To Qualify,Arsenal,Arsenal,1.200,$5.00,W, $ 6.00 , $ 1.00 , $ 348.47 , $ (26.54),-7.07%,FA cup 2026,Football,Monday,,,
401,12/01/2026,,Liverpool,,Barnsley,,To Qualify,Liverpool,Liverpool,1.200,$5.00,W, $ 6.00 , $ 1.00 , $ 349.47 , $ (25.54),-6.81%,FA cup 2026,Football,Monday,,,
402,12/01/2026,,Multiple,,Multiple,,FA Cup Multi,Multiple,Multiple,1.450,$2.12,W, $ 3.07 , $ 0.95 , $ 350.42 , $ (24.59),-6.55%,FA cup 2026,Football,Monday,,,
403,18/01/2026,22,Forest,,Arsenal,,Full Time Result,Arsenal,Arsenal,1.550,$5.00,L, $ -   , $ (5.00), $ 345.42 , $ (29.59),-7.89%,EPL 25/26,Football,Sunday,John,,
404,18/01/2026,22,Leeds,,Fulham,,Draw No Bet,Fulham,Fulham,2.250,$5.00,L, $ -   , $ (5.00), $ 340.42 , $ (34.59),-9.22%,EPL 25/26,Football,Sunday,Xander,,
405,19/01/2026,22,Villa,,Everton,,Full Time Result,Villa,Villa,1.670,$5.00,L, $ -   , $ (5.00), $ 335.42 , $ (39.59),-10.55%,EPL 25/26,Football,Monday,Richard,,
406,19/01/2026,22,Multiple,,Multiple,,Round 22 Multi,Multiple,Multiple,5.960,$1.00,L, $ -   , $ (1.00), $ 334.42 , $ (40.59),-10.82%,EPL 25/26,Football,Monday,,,
407,26/01/2026,23,Brentford,,Forest,,Draw No Bet,Brentford,Brentford,1.400,$5.00,L, $ -   , $ (5.00), $ 329.42 , $ (45.59),-12.15%,EPL 25/26,Football,Monday,Richard,,
408,26/01/2026,23,Newcastle,,Villa,,Draw No Bet,Villa,Villa,2.630,$5.00,W, $ 13.15 , $ 8.15 , $ 337.57 , $ (37.44),-9.98%,EPL 25/26,Football,Monday,Xander,,
409,26/01/2026,23,Palace,,Chelsea,,Draw No Bet,Chelsea,Chelsea,1.480,$5.00,W, $ 7.40 , $ 2.40 , $ 339.97 , $ (35.04),-9.34%,EPL 25/26,Football,Monday,John,,
410,26/01/2026,23,Multiple,,Multiple,,Round 23 Multi,Multiple,Multiple,5.580,$1.00,L, $ -   , $ (1.00), $ 338.97 , $ (36.04),-9.61%,EPL 25/26,Football,Monday,,,
411,01/02/2026,24,Wolves,,Bournemouth,,Full Time Result,Bournemouth,Bournemouth,2.250,$5.00,W, $ 11.25 , $ 6.25 , $ 345.22 , $ (29.79),-7.94%,EPL 25/26,Football,Sunday,John,,
412,02/02/2026,24,Man Utd,,Fulham,,Full Time Result,Man Utd,Man Utd,1.620,$5.00,W, $ 8.10 , $ 3.10 , $ 348.32 , $ (26.69),-7.11%,EPL 25/26,Football,Monday,Richard,,
413,03/02/2026,24,Sunderland,,Burnley,,Draw No Bet,Burnley,Burnley,3.300,$5.00,L, $ -   , $ (5.00), $ 343.32 , $ (31.69),-8.45%,EPL 25/26,Football,Tuesday,Xander,,
414,03/02/2026,24,Multiple,,Multiple,,Round 24 Multi,Multiple,Multiple,12.530,$1.00,L, $ -   , $ (1.00), $ 342.32 , $ (32.69),-8.71%,EPL 25/26,Football,Tuesday,,,
415,08/02/2026,25,Arsenal,,Sunderland,,Full Time Result,Arsenal,Arsenal,1.240,$5.00,W, $ 6.20 , $ 1.20 , $ 343.52 , $ (31.49),-8.39%,EPL 25/26,Football,Sunday,Richard,,
416,08/02/2026,25,Wolves,,Chelsea,,Full Time Result,Chelsea,Chelsea,1.700,$5.00,W, $ 8.50 , $ 3.50 , $ 347.02 , $ (27.99),-7.46%,EPL 25/26,Football,Sunday,John,,
417,08/02/2026,25,Burnley,,West Ham,,Draw No Bet,Burnley,Burnley,2.300,$5.00,L, $ -   , $ (5.00), $ 342.02 , $ (32.99),-8.79%,EPL 25/26,Football,Sunday,Xander,,
418,08/02/2026,25,Multiple,,Multiple,,Round 25 Multi,Multiple,Multiple,4.970,$1.00,L, $ -   , $ (1.00), $ 341.02 , $ (33.99),-9.06%,EPL 25/26,Football,Sunday,,,
419,09/02/2026,,New England Patriots,,Seattle Seahawks,,Full Time Result,Seahawks,Seahawks,1.440,$5.00,W, $ 7.20 , $ 2.20 , $ 343.22 , $ (31.79),-8.47%,Superbowl 60,NFL,Monday,,,
420,11/02/2026,26,Everton,,Bournemouth,,BTTS,Yes,None,1.670,$5.00,W, $ 8.35 , $ 3.35 , $ 346.57 , $ (28.44),-7.58%,EPL 25/26,Football,Wednesday,John,,
421,11/02/2026,26,Chelsea,,Leeds,,Full Time Result,Chelsea,Chelsea,1.550,$5.00,L, $ -   , $ (5.00), $ 341.57 , $ (33.44),-8.91%,EPL 25/26,Football,Wednesday,Richard,,
422,12/02/2026,26,Villa,,Brighton,,Draw No Bet,Villa,Villa,1.400,$5.00,W, $ 7.00 , $ 2.00 , $ 343.57 , $ (31.44),-8.38%,EPL 25/26,Football,Thursday,Xander,,
423,12/02/2026,26,Multiple,,Multiple,,Round 26 Multi,Multiple,Multiple,3.460,$1.00,L, $ -   , $ (1.00), $ 342.57 , $ (32.44),-8.65%,EPL 25/26,Football,Thursday,,,